Protein Accession,Fusion Probability,Fused,Cluster Number
P02795,0.996,1,1
P04179,0.962,1,2
O14879,0.994,1,2
Q9BYX4,0.896,1,2
P00973,0.998,1,2
P05362,0.998,1,2
P01584,0.95,1,3
P20591,1,1,2
P09913,0.972,1,1
Q96J88-2,0.952,1,1
Q9UII4,1,1,2
P17275,0.01,0,NA
Q8IV20,1,1,2
Q8WXG1,0.998,1,1
P33121,1,1,2
O95786,0.996,1,2
P20592,0.996,1,2
Q96RQ9-2,0.996,1,2
P14780,0.964,1,3
Q5EBM0,1,1,2
P32455,0.954,1,2
P09914,0.998,1,2
P02778,0.622,1,1
Q13501,0.996,1,1
Q9Y6K5,1,1,2
P25942,0.994,1,2
Q9BQE5,0.88,1,2
P32456,1,1,2
Q13325,1,1,2
O15162,0,0,NA
P14598,0.998,1,2
Q13571,0,0,NA
Q96PP9,1,1,2
P29728-2,0.998,1,2
Q92985-4,0.988,1,1
Q16666,0.996,1,2
Q9UN19,0.244,0,NA
P05161,0.992,1,2
P19525,1,1,2
Q96AZ6,0.998,1,2
Q9H930,1,1,1
P13501,1,1,3
Q460N5,0.998,1,1
Q9H0P0,1,1,2
Q9HB58-6,0.998,1,1
Q03169,1,1,2
Q9P2E3,0.958,1,1
Q14699,0.974,1,3
P29966,0.992,1,2
Q8IVG5,1,1,2
P18510-3,0.99,1,2
O95477,0.866,1,4
Q8IY21,1,1,1
P09601,0.876,1,5
P29590,0.722,1,1
P30466,0.974,1,3
P52630,1,1,2
Q15025,0.074,0,NA
Q03518,1,1,2
Q07820,0,0,NA
Q5K651,0.996,1,2
Q8TDB6,0.974,1,1
Q8IXQ6,0.974,1,2
Q9BYK8,1,1,2
P07711,1,1,2
P12931-2,0.99,1,3
Q01628,0.162,0,NA
Q6ZUJ8,1,1,2
O95544,0.996,1,2
Q5H9U9,0.982,1,1
Q92973,0.97,1,6
O14657,0.998,1,2
Q00978,1,1,1
P19838-2,0.994,1,1
Q8IYM9,0.948,1,1
Q5TEJ8,0.998,1,2
P23381,0.998,1,2
P83111,0.976,1,2
P08631,0.968,1,2
P04839,0.894,1,2
Q53G44,0.998,1,2
Q9H0J9,0.996,1,2
P08670,0.972,1,5
P43490,1,1,2
O15553,0.982,1,2
P98082,0.814,1,2
P01892,0.97,1,2
Q16799,1,1,3
Q9BQE4,0.984,1,1
Q03519,0.998,1,2
Q8N1G2,1,1,2
O94925-3,0.594,1,1
Q9ULC5-3,0.698,1,5
Q14142,0.97,1,2
P04222,0.994,1,2
P07602-3,1,1,2
Q8N884,0.272,0,NA
Q9Y6M5,0.384,0,NA
Q9NUQ6-3,1,1,2
Q96CV9,0.99,1,1
O60603,0.352,0,NA
Q15742,0.002,0,NA
Q15397,0.312,0,NA
Q9HC16,0.014,0,NA
Q53GL7,0.974,1,2
Q9NPI6,0.018,0,NA
O60315,0.998,1,1
Q96GX5,0.264,0,NA
Q15646,0.998,1,2
Q99805,0.438,0,NA
O15118,0.132,0,NA
Q7Z2W4,0.99,1,1
Q8TCS8,1,1,2
Q5JTH9,0.926,1,5
P12314,0.072,0,NA
P55265-4,0.99,1,1
Q9Y6N5,0.902,1,2
Q9NR30,0.954,1,2
P16671,0.972,1,2
Q9BRZ2,0.956,1,4
Q9UHP3-3,0,0,NA
O95379-4,0.99,1,3
Q8NB16,0.088,0,NA
Q9Y5Q8-3,0.078,0,NA
Q9Y4A5,0.004,0,NA
P08571,1,1,3
P28838,0.998,1,2
Q9UL63,0.104,0,NA
Q9BZQ8,0.566,1,6
Q9GZR7,0,0,NA
P13995,0.996,1,2
O00560,0,0,NA
Q9Y5A7,0.162,0,NA
Q96EQ0,0.916,1,2
P23469,0.91,1,3
Q16719,1,1,2
Q9UKK3,0.238,0,NA
O75113,0.982,1,1
P48163,0.998,1,2
Q8NBZ7-2,0.108,0,NA
P17535,0.458,0,NA
Q9NZR1,0.06,0,NA
Q9Y3Z3,0.962,1,2
Q9H223,1,1,2
Q15582,0.792,1,4
P30405,0.89,1,1
Q9UIA0,0.186,0,NA
O15533-3,0.966,1,2
P17844,0.996,1,1
P41226,0.988,1,2
Q8IZH2,0.93,1,1
P54920,0.998,1,2
Q01432-4,1,1,3
P40763,1,1,2
O75410-2,0.948,1,1
Q99836-6,0.616,1,4
Q99541,0.058,0,NA
P43304,0.74,1,1
Q86WV6,0.002,0,NA
P02545,0.9,1,1
P08567,0.928,1,2
A8CG34,0.876,1,5
Q9P2R3-4,0.892,1,2
P50281,0.904,1,2
P06213,0,0,NA
P19971,0.994,1,2
Q6BDS2,0.988,1,3
O94885,0.982,1,2
P51153,0.738,1,3
Q9H939,0.01,0,NA
O75191,0.06,0,NA
Q9H4M9,0.394,0,NA
Q9NZT2,0.622,1,3
P04233-2,0.31,0,NA
Q9H0Q0,0.514,1,3
P31689,0.994,1,1
P49662,0.998,1,2
Q9H6R4,0.042,0,NA
O60879-2,0.684,1,3
P19474,1,1,2
P30273,0.996,1,3
Q9BXK5,0.018,0,NA
P53004,0.942,1,2
Q9Y678,0.97,1,6
Q7Z4G1-2,0,0,NA
Q9Y3I0,0.994,1,2
Q9UDY2-7,0.978,1,1
Q8TC07-3,0.93,1,7
P61769,0.908,1,2
Q8IY37,0.402,0,NA
A1X283,0.792,1,3
Q10589,0.968,1,4
P16615,0.966,1,1
P07355-2,0.99,1,2
Q9UJ70-2,0.998,1,3
O00499-2,0.994,1,3
Q13287,0.972,1,2
Q03188,0.998,1,8
Q9Y696,0.302,0,NA
Q13075,0.138,0,NA
Q9Y305-4,0.992,1,2
P49006,0.988,1,3
Q14258,0.94,1,2
O00571,0.884,1,1
Q8IV50,0.834,1,3
Q9UI08-2,0.246,0,NA
Q13617-2,0.726,1,6
Q14241,0.08,0,NA
P09543,0.994,1,2
Q96HA7,0.438,0,NA
P07339,0.958,1,2
Q00403,0.53,1,1
P17029,0,0,NA
P17813,0.998,1,3
Q8TD55,0.974,1,3
Q969Q5,0.962,1,1
Q9NXW2,0.744,1,1
Q14764,0.96,1,2
Q8TE77,0.924,1,7
Q6WKZ4,0.998,1,9
P48507,0.998,1,1
Q96RT1-8,0.672,1,3
Q9NUL5,0.998,1,2
P02792,0.984,1,2
Q14108,0.992,1,3
O60784,0.972,1,3
P07204,0.998,1,1
O60488,0.992,1,3
Q6IAA8,0,0,NA
P10153,0.934,1,9
Q08722,0.776,1,3
Q9UHD1,0.8,1,3
Q8WZA9,0.998,1,3
O14880,0.006,0,NA
Q9Y2J2-2,0.998,1,3
Q96P16,0.054,0,NA
Q7L9L4-2,0.322,0,NA
P19878,0.016,0,NA
P16070,0.948,1,3
O14966,0.308,0,NA
Q9HCE1,0.942,1,2
Q96JC9,0.856,1,1
P80217-2,0.986,1,2
Q6P4F7,0.75,1,10
Q9UNH7,0.626,1,2
O60566-3,0.536,1,10
Q9Y4E8,0.976,1,3
Q9NRD1,0.998,1,2
Q02818,0.962,1,3
O15381,0.072,0,NA
Q9NUD5,0.338,0,NA
Q08J23,0.984,1,3
O00182,0.918,1,2
Q16643-3,0,0,NA
Q92540-4,0.836,1,3
P41218,0.612,1,1
P23497-4,0.978,1,2
Q9UH62,0.554,1,3
Q9BYT8,0.94,1,3
O60711-2,0.192,0,NA
Q86VI3,0.006,0,NA
P08134,0.04,0,NA
P30740,0.956,1,3
Q6GTX8,0.98,1,3
Q69YH5,0.152,0,NA
P50995,0.984,1,7
Q8WWK9-5,0.51,1,10
Q9NPY3,0.97,1,4
Q9UHQ1,0.006,0,NA
Q9HBU6,0.158,0,NA
Q9NQW6,0.258,0,NA
O96028,0.86,1,9
P14384,0.986,1,3
Q92766-2,0.736,1,9
P16401,0.84,1,9
P26572,0.004,0,NA
P46736,0,0,NA
Q14376,0,0,NA
Q9UGU0,0,0,NA
Q92930,0.998,1,1
P20020,0.87,1,1
P00813,1,1,3
Q08380,0.966,1,3
Q3LXA3,0.392,0,NA
P29466,0.544,1,3
O14578-4,0.15,0,NA
P12109,0.986,1,3
Q9NSI8-3,0.952,1,2
O75528,0,0,NA
P15559,0.8,1,3
P14635,0.704,1,9
P02786,0.946,1,3
O00178,0.78,1,2
Q9Y2X7,0.984,1,9
Q9UG63-2,0.704,1,3
Q5J8M3,0.004,0,NA
Q8NI60,0.076,0,NA
P07332,0.006,0,NA
Q643R3,0,0,NA
Q9UNK0,0,0,NA
O43353,0.14,0,NA
P25774,0.002,0,NA
Q99661,0.974,1,9
O75475,0.784,1,9
O95239,0.002,0,NA
Q14807,0.378,0,NA
O60427,0.266,0,NA
O43663,0.692,1,10
Q9NQE9,0.982,1,3
P33981,0.596,1,7
Q99571-2,0.974,1,3
Q8N392,0.166,0,NA
P07919,0.264,0,NA
P45880,0.202,0,NA
Q96H79,0.03,0,NA
P07305,0.048,0,NA
O14777,0.372,0,NA
P13073,0.924,1,11
P49715-3,0.954,1,9
P48060,0,0,NA
Q8N2G8,0.93,1,9
P41208,0.01,0,NA
Q9NQS7,0.994,1,9
Q9NS87,0.156,0,NA
P08575,0.974,1,3
P09874,0.052,0,NA
O95319-3,0.28,0,NA
P06132,0,0,NA
Q9NUM4,0,0,NA
Q6NVY1,0.018,0,NA
P46013,1,1,9
O95347,0.602,1,7
Q99873-4,0.992,1,12
P49642,0.192,0,NA
O75438,0.406,0,NA
Q68CZ2,0.998,1,3
Q13451,0.984,1,3
Q9BRP4,0.004,0,NA
P10412,0.932,1,13
P0C0S8,0.994,1,13
O14545,0,0,NA
P49005,0.574,1,14
Q9Y639,0.932,1,3
O60341,0.932,1,9
Q15532,0.088,0,NA
Q96EV2,0,0,NA
P14209,0,0,NA
P23919,0.924,1,14
Q01130,0,0,NA
Q02252,0.864,1,9
Q53HL2,0.006,0,NA
P25490,0.82,1,14
P17931,0.978,1,3
Q9P2D0,0,0,NA
Q96AQ6,0.982,1,9
Q5U5X0,0,0,NA
Q06203,0.592,1,14
Q15293,0.996,1,3
Q86WJ1,0.932,1,7
P34897,0.142,0,NA
P18887,0.114,0,NA
O43175,0.598,1,7
Q6PL18,0.962,1,9
Q9BXF6,0.676,1,14
Q14738,0,0,NA
Q96Q89-2,0,0,NA
Q9NUQ3,0,0,NA
Q9NQG5,0.644,1,15
P0C0S5,0.822,1,9
P32519,0.9,1,14
P12259,0,0,NA
P49023-3,0.006,0,NA
P45973,0.97,1,9
Q01970,0.008,0,NA
Q96CM8-2,0.696,1,9
Q15181,0.998,1,3
Q9Y4C1,0.072,0,NA
Q92597,0.87,1,14
P01130,0.002,0,NA
Q9Y2D5-4,0.012,0,NA
Q9GZY6,0.05,0,NA
Q8WXX5,0.996,1,14
P62937,0,0,NA
P42126,0.964,1,11
P23219-5,0.678,1,11
P11049,0.004,0,NA
Q92945,0.68,1,14
Q9UQE7,0.104,0,NA
Q14558-2,0.004,0,NA
P27361,0.014,0,NA
P52701,0.676,1,7
Q13427,0.066,0,NA
O95989,0.002,0,NA
Q96D71,0,0,NA
Q8N573,0.974,1,14
Q9NR46,0.042,0,NA
P33993,0.886,1,7
P09668,0,0,NA
Q8N668,0,0,NA
O43493,0,0,NA
P36639,0,0,NA
Q9Y6I3,0.914,1,14
Q6DKJ4,0.004,0,NA
O00170,0.048,0,NA
Q15398,0.034,0,NA
Q9BSJ8-2,0.882,1,9
Q9H3M7,0.016,0,NA
Q9BRR9-2,0.254,0,NA
Q9BW19,1,1,9
P29372,0.934,1,9
Q6UW68,0,0,NA
Q15054,0.972,1,14
Q9UK45,0,0,NA
P26583,0.914,1,14
Q92541,0.462,0,NA
P30040,0.864,1,14
Q9P2K3-3,0.986,1,9
Q7Z4W1,0.262,0,NA
P27144,0.194,0,NA
P39748,0.382,0,NA
Q6IC98,0.018,0,NA
P98171-2,0.592,1,7
P51570-2,0.996,1,14
Q9Y3D3,0.222,0,NA
Q9H0H5,0.21,0,NA
P14859-6,0,0,NA
Q96KP4,0.976,1,3
Q8WVX9,0.128,0,NA
Q03164-3,0.03,0,NA
Q8WXI4-2,0.01,0,NA
Q9BWD1,0.644,1,14
Q9BZZ2,0.62,1,3
Q8N6T7,0,0,NA
O60234,0.996,1,14
Q9UNE7,0.998,1,14
A6NDG6,0,0,NA
Q12912,0.884,1,9
P33991,0.994,1,14
Q9H0E3-3,0,0,NA
O75792,0.978,1,14
Q14331,0.98,1,14
Q99447,0.018,0,NA
Q9HCU8,0.004,0,NA
Q9Y265,0,0,NA
P51808,0,0,NA
Q9BRX5,0.772,1,14
P25685,0.806,1,14
Q32P28,0.692,1,14
A0FGR8-2,0.916,1,9
Q14687,0.508,1,9
P60660-2,0.136,0,NA
Q14197,0,0,NA
Q01543,0.918,1,14
Q96T88-2,0.976,1,9
Q14683,0.96,1,9
Q92896-2,0.796,1,11
Q13561-2,0.078,0,NA
Q15819,0,0,NA
Q13112,0.994,1,9
P35520-2,0.042,0,NA
O00233,0.046,0,NA
O60885,0,0,NA
P11413-2,0.232,0,NA
Q13153,0.642,1,14
P46821,0.82,1,16
P50440-2,0.868,1,11
Q53QZ3,0.786,1,14
P52732,0.426,0,NA
P49454,0.996,1,9
P53350,0.988,1,10
Q96B97,0.762,1,14
Q8NBJ7,0.01,0,NA
P46778,0,0,NA
Q9UQB8,0.014,0,NA
Q15428,0.048,0,NA
Q13243,0,0,NA
P11166,0.032,0,NA
Q8NB15,0,0,NA
Q9UIM3,0,0,NA
P33992,0.238,0,NA
P07737,0.468,0,NA
P27694,0.372,0,NA
P11717,0.214,0,NA
Q02241,0.634,1,10
Q13242,0,0,NA
P12318,0.4,0,NA
P49736,0.764,1,7
Q8WUD4,0,0,NA
Q2TAL8,0,0,NA
Q9UHV9,0.464,0,NA
Q9Y224,0.692,1,17
O95865,0.928,1,14
Q9NTJ3,0.544,1,14
O95881,0.358,0,NA
P31942-2,0.062,0,NA
Q13444,0.48,0,NA
Q8IV38,0.244,0,NA
Q14005,0.722,1,9
Q9Y2B0,0,0,NA
Q92522,0.208,0,NA
O95848,0,0,NA
Q9BY42,0.01,0,NA
Q96KB5,0.024,0,NA
Q96PU4,0.176,0,NA
Q53EZ4,0.044,0,NA
O00257,0.674,1,9
P11388-4,0.992,1,9
Q96JY6-5,0.604,1,9
Q13526,0,0,NA
Q14141,0.776,1,14
Q15075,0.992,1,18
Q9C0B1,0.66,1,14
Q86YS7-4,0.122,0,NA
P35637,0.808,1,17
Q9Y6M1,0.898,1,14
Q7Z6K5-2,0.004,0,NA
O60449-2,0.942,1,14
Q92917,0.008,0,NA
O14672,0.442,0,NA
Q13496,0,0,NA
Q9NWY4,0.008,0,NA
P40937,0.998,1,9
Q01826-2,1,1,14
Q16576,0.98,1,14
P49189,0.602,1,18
P27707,0.084,0,NA
P54819,0.98,1,11
Q99439,0.114,0,NA
P13716-2,0.432,0,NA
P13591-1,0.986,1,16
Q9H4E7,0.758,1,14
P09417,0.006,0,NA
P09429,0.914,1,17
P00441,0.012,0,NA
Q07812-2,0.8,1,14
Q9NQ48,0,0,NA
Q86V81,0.462,0,NA
Q8NCW5,0.002,0,NA
Q8NC51,0,0,NA
Q13574,0,0,NA
Q9ULW0-2,1,1,9
Q14116,0.052,0,NA
Q07065,0.68,1,9
P17480,0.05,0,NA
Q9HD42,0.092,0,NA
Q9H3P2,0.954,1,18
Q9H0V9-2,0,0,NA
P25325-2,0.018,0,NA
P12004,0.994,1,14
Q4J6C6,0.95,1,14
Q96MW1,0.5,0,NA
Q13011,0.122,0,NA
Q9HAB8,0.18,0,NA
P28340,0.06,0,NA
P37108,0.992,1,14
Q09028,0.312,0,NA
P54577,0.998,1,17
P55327-3,0.024,0,NA
P80303,0.96,1,14
P19404,0,0,NA
Q99952,0.012,0,NA
P33316,0.782,1,19
Q08257,0.012,0,NA
P49959-3,0,0,NA
Q9UBQ7,0.94,1,17
P27695,0.99,1,17
Q13111,0.03,0,NA
Q13185,0.932,1,14
Q15172,0.004,0,NA
P25098,0.946,1,14
Q14254,0.098,0,NA
P04075,0.978,1,18
Q04724,0.084,0,NA
P84101,0.002,0,NA
P56524,0,0,NA
Q8TF01,0.02,0,NA
Q8IV63,0.482,0,NA
P22307,0.036,0,NA
Q8IX19,0.876,1,14
Q9NUL3,0.102,0,NA
P06454,0.946,1,17
O43707,0.918,1,17
P30038,0.108,0,NA
P26038,0.81,1,18
P11586,0.794,1,17
Q9UNN5,0.988,1,17
P84103,0.452,0,NA
Q9NUW8,0,0,NA
Q9GZT9,0.946,1,14
O43678,0.004,0,NA
P00568,0.062,0,NA
P00374,0.298,0,NA
O75369-8,0.988,1,14
P49458,0.884,1,14
P20338,0,0,NA
Q96RF0,0,0,NA
Q9UBT2,0.014,0,NA
P07237,0.398,0,NA
Q9UPN4-2,0,0,NA
Q9UBE0,0.882,1,17
Q86Y22,0,0,NA
Q12834,0.994,1,10
Q15555,0,0,NA
P16455,0.002,0,NA
P40855,0.176,0,NA
P18206,0.958,1,17
Q8N954,0,0,NA
Q9Y230,0.892,1,14
P51858,0.88,1,17
P59998-3,0.9,1,17
Q9NQR4,0.958,1,18
O95490-6,0.89,1,9
P50502,0.976,1,17
P48595,0.564,1,17
P33241-3,0.962,1,14
Q16850,0,0,NA
Q16204,0,0,NA
Q14814-4,0.972,1,14
P11233,0,0,NA
O60869,0.976,1,18
O95067,0.934,1,9
Q15369,0.988,1,14
P00558,0.986,1,18
Q96CS2,0.676,1,14
O75717,0.902,1,14
Q7LBR1,0.998,1,14
Q9UHF1,0.018,0,NA
Q9UGN4,0,0,NA
Q9BQS8-4,0.672,1,17
P09972,0.956,1,14
Q14847,0.416,0,NA
Q00722,0.336,0,NA
P26447,0.996,1,14
P49321-3,0.132,0,NA
P23921,0.96,1,17
O43633,0,0,NA
Q5T013,0.098,0,NA
Q9UQL6-3,0.228,0,NA
P06753,0.008,0,NA
P00488,0.006,0,NA
P06733,0.992,1,17
O94888,0,0,NA
Q04760,0.938,1,18
Q9Y5J9,0.904,1,14
Q06481,0,0,NA
Q9P016,0.986,1,14
P34949,0.54,1,18
Q9BXS6,1,1,9
P55854-2,0.024,0,NA
Q9Y237-2,0,0,NA
P61586,0.988,1,14
O95864,0.128,0,NA
Q9BRP8,0.416,0,NA
P08243,0.182,0,NA
O43598,0,0,NA
Q02809-2,0.974,1,14
O15400,0.83,1,14
P18669,0.99,1,18
Q99795,0,0,NA
P25205-2,0.886,1,14
P08962,0.82,1,3
O75781,0.05,0,NA
Q9NSC5,0.086,0,NA
P09960,0.894,1,17
Q9Y5L4,0.006,0,NA
O95336,0.986,1,18
Q96C86,0.308,0,NA
P20138,0,0,NA
P50452,0.914,1,17
Q16610-4,0.242,0,NA
Q15019-2,0.972,1,18
B7ZBB8,0.274,0,NA
P28289,0.978,1,14
Q9UNP9,0.002,0,NA
Q07960,0.3,0,NA
P16104,0.846,1,14
P20962,0.644,1,18
Q13813,0.996,1,14
O60493,0.812,1,18
P04424,0.606,1,17
O75976,0.044,0,NA
Q96BZ4,0.996,1,9
Q8NCC3,0.51,1,14
Q02790,0.918,1,17
P06737,0.982,1,17
Q01196-8,0.724,1,15
P83916,0,0,NA
P35475-2,0,0,NA
P29762,0.978,1,14
Q9UK76,0.958,1,14
Q15059,0.998,1,14
Q15056-2,0.232,0,NA
O14618,0.676,1,17
P06396-2,0.964,1,17
P49588,0.944,1,17
Q9HB71,0.992,1,17
P15121,0.924,1,17
P10586,0.968,1,14
Q6JBY9,0.692,1,18
P82979,0.264,0,NA
P48637,0,0,NA
Q5TBB1,0.976,1,14
Q16181,0.936,1,18
P34913,0,0,NA
Q9UHD8,0.628,1,18
Q9Y5Z4,0.71,1,17
Q9BVW5,0,0,NA
P57076,0.404,0,NA
Q9BX68,0.648,1,11
Q8N806,0.746,1,17
Q2TAA2,0.252,0,NA
Q14257-2,0,0,NA
Q9NR33,0.98,1,14
Q15785,0.872,1,18
P80297,0.002,0,NA
Q9HA64,0.582,1,14
Q99536,0.944,1,14
Q99733-2,0.854,1,18
Q9H3K6,0.002,0,NA
O00584,1,1,14
Q9BPW9-4,0.9,1,14
Q8NBT2,0.996,1,14
Q8WW12,0.862,1,18
P16150,0.97,1,14
P20702,0.944,1,14
Q15004,0.896,1,14
P19793,0.716,1,14
Q6XQN6,0.906,1,17
Q14493,0.004,0,NA
Q9HC38-2,0.734,1,17
Q9GZU8,0.996,1,14
Q9BV40,0.986,1,14
Q15274,0.996,1,14
P28072,0.998,1,17
Q9BZD4,0.338,0,NA
P08397,0.71,1,18
O60504,0.354,0,NA
Q14157-5,0.832,1,17
O14745,0.986,1,14
P31146,0.462,0,NA
Q15814,0.032,0,NA
P42773,0,0,NA
Q6FIF0,0.018,0,NA
O75164,0.036,0,NA
Q9BR76,0.874,1,18
P40925-3,0.914,1,17
O15394,0.988,1,14
Q9HA77,0,0,NA
P50897,0.988,1,14
P08246,0,0,NA
Q9BT09,0.886,1,18
Q01082,0.846,1,15
Q8WVJ2,0.004,0,NA
P80723,0.992,1,17
Q9BTT0-3,0.932,1,17
O14732,0.226,0,NA
P00492,0.994,1,17
Q6N043,0,0,NA
Q9UEE9,0.23,0,NA
O75330-3,0.956,1,14
Q8N300,0.008,0,NA
P23193,0.222,0,NA
Q9Y6H1,0.986,1,14
P21399,0.964,1,17
P62942,0.592,1,20
P51825-2,0.736,1,14
Q9HCN4-5,0,0,NA
P01034,0.61,1,14
P04818,0.05,0,NA
Q02556,0,0,NA
P48509,0.048,0,NA
P00918,0.972,1,17
Q9H098-2,0.9,1,18
P31350-2,0.274,0,NA
Q6UVJ0,0.844,1,14
P10124,0.664,1,17
Q9UBG0,0.99,1,14
P07902,0.96,1,14
P22692,0,0,NA
A9UHW6,0.904,1,14
Q9BSL1,0.002,0,NA
P50895,0.076,0,NA
O95229,0,0,NA
Q9Y6A5,0.988,1,14
P06753-2,0.532,1,18
Q12882,0.446,0,NA
Q9Y617,0.992,1,17
Q9H4A5,0.008,0,NA
P32119,0.986,1,17
Q9P0W2,0.012,0,NA
P07949,0.844,1,14
P98155,0.518,1,14
Q13951-2,0,0,NA
Q99684,0.066,0,NA
P07225,0.178,0,NA
Q9H7C9,0.988,1,17
P16949,0.958,1,14
Q15102,0.828,1,18
Q8WW33,0.076,0,NA
Q9Y5Y6,0.908,1,17
P08311,0.452,0,NA
P61626,0.548,1,14
P09493-2,0.874,1,14
Q9Y248,0,0,NA
P07311,0.988,1,17
Q9P0P0,0.364,0,NA
Q53EL6,0.96,1,17
Q9Y240,0.43,0,NA
Q9UBB6-3,0.012,0,NA
Q02083,0,0,NA
O75064,0.658,1,6
Q96AE4-2,0,0,NA
Q6R327-3,0,0,NA
O00124,0.026,0,NA
P83436,0.084,0,NA
Q9Y4F3,0,0,NA
Q9Y4X5,0,0,NA
Q96QU8,0.97,1,6
Q9P0K7-2,0,0,NA
Q7L8W6,0,0,NA
Q9NVU7,0,0,NA
Q8N3F8,0,0,NA
Q9NZM5,0.05,0,NA
Q8N5A5,0.074,0,NA
Q01804,0,0,NA
Q8WWI1,0.002,0,NA
Q9UFN0,0.224,0,NA
Q7L8L6,0,0,NA
Q9C0D5,0.006,0,NA
Q99943,0,0,NA
Q13395,0.614,1,21
Q13615,0,0,NA
Q5SW79,0,0,NA
Q8IXH7,0,0,NA
Q7Z6I8,0,0,NA
Q8IZL8,0.006,0,NA
P15291,0.274,0,NA
Q96AH8,0.18,0,NA
O14646,0.032,0,NA
Q92990,0.096,0,NA
Q7Z4H7,0.008,0,NA
Q96BD5-3,0,0,NA
Q9NRW3,0.12,0,NA
Q9UK61,0.286,0,NA
Q9ULT8,0.952,1,6
Q13625-3,0,0,NA
Q9Y646,0,0,NA
Q13546,0,0,NA
O75367,0,0,NA
P30414,0,0,NA
Q9Y487,0,0,NA
O95487-3,0,0,NA
Q96DV4,0,0,NA
P18850,0.002,0,NA
Q13823,0.01,0,NA
O75592,0.234,0,NA
P63165,0,0,NA
Q9Y4J8,0.026,0,NA
Q13315,0.948,1,22
Q9Y4P1-2,0.026,0,NA
Q2TB10,0,0,NA
Q92844,0.004,0,NA
O43426,0,0,NA
P42695,0.004,0,NA
Q92797,0.962,1,5
P48553,0.12,0,NA
O95140,0.872,1,5
Q13905-3,0,0,NA
Q6IQ49,0,0,NA
Q16875-4,0.238,0,NA
Q9BUB5,0.012,0,NA
O00410-3,0.98,1,6
Q96GQ5,0,0,NA
Q5VYK3,0.962,1,6
Q9Y4W2,0.302,0,NA
O75044,0.934,1,6
Q9UPU7,0,0,NA
O95376,0.01,0,NA
Q9BWE0-4,0,0,NA
Q6ZRP7,0,0,NA
Q9Y6D6,0.918,1,22
P02649,0.866,1,13
Q86UT6,0,0,NA
Q5VZL5,0.194,0,NA
Q6QNY1,0,0,NA
Q9BQG0-2,0.972,1,5
P49790,0.814,1,5
Q16891-4,0,0,NA
Q9HB90,0,0,NA
Q9UH17,0,0,NA
P35670,0,0,NA
Q9NZW5,0,0,NA
Q9Y6R4,0,0,NA
Q9BWF3,0,0,NA
Q15165,0.8,1,23
Q08379,0,0,NA
Q13627-2,0,0,NA
Q9UIS9-9,0.01,0,NA
Q99879,0.002,0,NA
Q86YV0,0,0,NA
Q99504,0.006,0,NA
Q86Y56,0.008,0,NA
Q8IWA0,0,0,NA
O00244,0,0,NA
O43823,0.044,0,NA
P18085,0.816,1,12
P33897,0.152,0,NA
Q5QJE6,0.704,1,5
Q7Z4Q2,0.01,0,NA
P28676,0,0,NA
Q7Z3U7-5,0,0,NA
O94822-3,0,0,NA
Q92621,0.876,1,5
P50851-2,0.958,1,21
Q58FG1,0.058,0,NA
P42356,0.9,1,22
P52756,0.008,0,NA
Q13459,0.968,1,6
Q6ZN55-2,0,0,NA
P28907,0,0,NA
Q9UHI6,0.272,0,NA
Q9BT22,0,0,NA
Q9ULI0,0,0,NA
Q9BX10,0.388,0,NA
Q5VSL9,0,0,NA
O95822,0,0,NA
P23458,0.016,0,NA
Q9H583,0.008,0,NA
P45984,0,0,NA
O14980,0.998,1,6
P50748,0.744,1,21
Q9NYJ8,0,0,NA
Q86VY4,0,0,NA
Q9BXP2,0,0,NA
Q12769,0.3,0,NA
P22415,0.02,0,NA
Q8N3U4-2,0.208,0,NA
O95155-4,0,0,NA
A2RRP1,0.162,0,NA
P49757,0,0,NA
Q12768,0.996,1,6
O95639,0,0,NA
Q15118,0.976,1,24
O94759,0.966,1,6
O14981,0.992,1,6
Q7Z460-4,0.006,0,NA
P30154-2,0,0,NA
O60502,0.002,0,NA
Q92616,0.984,1,22
Q9NP50,0.01,0,NA
Q96KG9,0.01,0,NA
Q9HAV4,1,1,6
Q93074-2,0.99,1,5
Q32P41,0,0,NA
Q5SRE5,0,0,NA
O75586-2,0.002,0,NA
Q92544,0,0,NA
P42704,0.12,0,NA
Q8TAD8,0,0,NA
Q96I59,0,0,NA
Q9UIV1,0.006,0,NA
P69905,0.072,0,NA
Q9UIF9,0.014,0,NA
Q96II8-2,0,0,NA
Q76FK4,0,0,NA
Q86WB0,0.51,1,25
Q96SN8,0,0,NA
Q9Y6X5,0.012,0,NA
Q6NXE6,0.004,0,NA
Q96L91,0,0,NA
P06400,0.336,0,NA
Q8WTW3,0.014,0,NA
Q5T4S7-2,0.91,1,6
Q9NRL2,0.998,1,5
P53618,1,1,6
Q15048,0,0,NA
Q14746,0,0,NA
Q14204,0.994,1,6
Q96Q05-2,0.044,0,NA
P82663,0,0,NA
Q9NP66,0,0,NA
Q92636,0.378,0,NA
Q7Z401-2,0.978,1,21
P02788,0,0,NA
Q07866-6,0.012,0,NA
Q9H061,0.018,0,NA
Q5TFE4,0.016,0,NA
Q9H0W8,0,0,NA
Q9NYV4,0,0,NA
P15170-3,0.002,0,NA
Q8N201,0.932,1,5
P78527,0.418,0,NA
O60264,0.918,1,5
Q8WU10,0.004,0,NA
P52294,0.328,0,NA
Q5T160,0.012,0,NA
O94829,0.022,0,NA
Q6P4A7,0,0,NA
Q9NVR2,0,0,NA
Q9NX46,0.71,1,6
O95104,0,0,NA
Q86YQ8,0.156,0,NA
P15498,0.994,1,6
P09917,0,0,NA
Q9UID3,0.004,0,NA
Q9NVF7,0,0,NA
P02774-3,0.012,0,NA
Q6NUQ4,0,0,NA
Q6UX53,0.408,0,NA
P57678,0.082,0,NA
Q8WUM0,0.43,0,NA
Q9Y5B6,0,0,NA
Q8IY18,0.004,0,NA
Q6ZRS2,0.05,0,NA
P63272,0,0,NA
Q92925,0,0,NA
Q96RN5,0.38,0,NA
O43264,0,0,NA
Q9GZQ3,0,0,NA
Q9Y385,0.34,0,NA
P47712,0,0,NA
P55160,1,1,6
Q9Y4R8,0.356,0,NA
Q9H7D7,0.016,0,NA
Q04864,0,0,NA
Q969S3,0,0,NA
A2RUS2,0.036,0,NA
Q9BZL6,0,0,NA
Q13136,0.016,0,NA
Q15545,0,0,NA
Q9BV44,0,0,NA
Q96EP0,0.004,0,NA
Q96MF7,0.014,0,NA
P18583-5,0.242,0,NA
Q9Y618,0,0,NA
P35250,0,0,NA
O94880,0.012,0,NA
Q9Y3R5,0,0,NA
P49792,1,1,5
Q6PGP7,0.98,1,22
Q96EK7,0.028,0,NA
Q15645,0,0,NA
Q8N3C0,0.984,1,6
Q9NXF1,0.014,0,NA
Q13370,0,0,NA
Q15477,0.298,0,NA
Q9NR09,0.188,0,NA
Q9P253,0,0,NA
Q9Y2L9-3,0,0,NA
Q68CP9,0.15,0,NA
Q53ET0,0,0,NA
Q5UIP0,0,0,NA
Q15554,0.02,0,NA
Q13418,0.862,1,21
Q9Y450-2,0,0,NA
Q9Y3P9,0,0,NA
O95197,0,0,NA
Q00839-2,0.774,1,26
Q9UKN8,0,0,NA
Q13206,0.768,1,27
Q8NI27,0.868,1,5
P63146,0,0,NA
Q14008-3,0.458,0,NA
Q9Y3E5,0.098,0,NA
Q9Y2P8,0.002,0,NA
Q6ZNJ1,0,0,NA
P14174,0,0,NA
Q6ZSR9,0,0,NA
Q9NVX2,0.018,0,NA
Q92575,0,0,NA
Q5TBA9,0.116,0,NA
Q7L2E3-2,0.178,0,NA
Q8NHU6,0.64,1,22
Q02447-3,0,0,NA
Q86XL3,0.004,0,NA
P32189,0,0,NA
O95299,0.968,1,28
O15371,0,0,NA
O15397,0.942,1,29
Q9BRT2,0.002,0,NA
O75165,0.36,0,NA
Q96T58,0.96,1,28
P50151,0,0,NA
Q969X6,0,0,NA
Q9NY65,0.05,0,NA
O00186,0.992,1,22
Q92608,0.972,1,6
Q9BQA9,0.036,0,NA
Q8WTT2,0.882,1,27
P42858,0.73,1,22
Q93084-5,0,0,NA
Q8TDD1-2,0,0,NA
Q9Y4C8,0.166,0,NA
O95551-2,0,0,NA
P19388,0,0,NA
Q15654,0,0,NA
P52948,0.92,1,5
Q93008,0.964,1,6
Q15738,0,0,NA
Q8N3X1-2,0,0,NA
Q9H0S4,0.04,0,NA
P55060,0.904,1,22
Q2M389,0,0,NA
P98194-7,0.136,0,NA
Q00610,0.998,1,6
Q9UIA9,0.882,1,22
Q96CU9,0.814,1,25
O95478,0.268,0,NA
Q9NUL7,0,0,NA
Q86VP6,0.936,1,6
Q14643,0.544,1,5
Q9NWS8,0.986,1,26
Q9NQZ2,0.008,0,NA
Q96ST2,0,0,NA
P52789,0.284,0,NA
Q9NXV6,0.976,1,27
Q9NYL2,0,0,NA
P11441,0,0,NA
Q5VZ89,0,0,NA
P32970,0.016,0,NA
Q96ER3,0,0,NA
Q7Z6Z7,0.98,1,6
Q9H8W4,0.002,0,NA
O76080,0,0,NA
Q15651,0,0,NA
A4D1P6,0,0,NA
Q15436,0,0,NA
Q5JSL3,0.822,1,22
Q96BI3,0,0,NA
O15120,0.552,1,26
P49761,0.012,0,NA
Q4G0F5,0.006,0,NA
O15514,0,0,NA
P32780,0.252,0,NA
Q9UIG0,0.984,1,28
O95456,0,0,NA
Q6P3X3,0.002,0,NA
Q15067-2,0,0,NA
P62330,0.168,0,NA
Q92556,0,0,NA
Q5JRA6,0.426,0,NA
Q96KC8,0.014,0,NA
Q9UBW7,0,0,NA
Q9Y483,0,0,NA
Q8IUI8,0,0,NA
Q8N983-4,0.002,0,NA
Q15629,0,0,NA
P21359,0.008,0,NA
Q15007,0.072,0,NA
O60318,0.776,1,1
O00148,0,0,NA
P07099,0,0,NA
Q9Y692,0,0,NA
O95159,0.002,0,NA
Q9Y4B6,0,0,NA
Q8IY17-4,0,0,NA
Q9NRG9,0.004,0,NA
Q6ZSZ5,0,0,NA
P63010-2,0.826,1,29
Q9NTI5,0.098,0,NA
Q6ZMZ3,0.906,1,5
Q13557-8,0.576,1,21
Q6DKI1,0.136,0,NA
Q9BWH2,0,0,NA
Q92665,0,0,NA
Q9ULJ6,0,0,NA
Q15269,0.098,0,NA
Q9UBU9,0.218,0,NA
P26010,0.986,1,4
Q13129,0.004,0,NA
Q8IYB8,0.004,0,NA
P20339,0,0,NA
Q6ZS81,0.99,1,22
Q96RT7,0,0,NA
Q96FV9,0.124,0,NA
Q9H0A0,0.276,0,NA
Q09161,0.002,0,NA
Q08AM6,0.188,0,NA
Q9H582,0,0,NA
O00505,0,0,NA
P53396,0,0,NA
Q9Y282-3,0,0,NA
Q66K14,0.906,1,6
Q9P107,0.028,0,NA
Q92759,0.086,0,NA
Q9P2D3,0.02,0,NA
Q9NW13,0.384,0,NA
O60678,0.15,0,NA
P57764,0.328,0,NA
P53701,0,0,NA
Q01780,0.002,0,NA
O15226-2,0.056,0,NA
P15848,0.998,1,1
Q96P47-4,0,0,NA
Q15008,0.724,1,6
Q8IYB5,0,0,NA
P19823,0.904,1,24
Q9P2N5,0.998,1,28
Q9NVM4,0,0,NA
Q9NVH2,0.98,1,5
Q96ES7,0,0,NA
Q8TC12,0.014,0,NA
Q13601,0,0,NA
O94973,0.762,1,6
Q9Y324,0.562,1,25
Q9BW27,0,0,NA
Q6ZNB6,0,0,NA
Q6P2E9,0.882,1,22
Q99698,0.012,0,NA
P42226,0,0,NA
O00329,0,0,NA
Q86U38,0,0,NA
Q96RE7,0,0,NA
Q8N9N8,0,0,NA
Q15596,0,0,NA
Q8IY81,0.998,1,27
Q8TDQ7,0,0,NA
Q86UX7,0.894,1,30
P54136,0.982,1,6
O43586,0,0,NA
Q15024,0,0,NA
Q13107,0.92,1,6
Q8WWW0-2,0,0,NA
Q9UGP4,0.004,0,NA
O14647,0.002,0,NA
Q9NRW7,0,0,NA
O60610,0.784,1,22
P32019,0.588,1,29
O96005,0.074,0,NA
O75683,0,0,NA
Q14C86-6,0.674,1,6
Q9Y5Q9,0.018,0,NA
P35240-2,0,0,NA
Q9BVP2,0,0,NA
P39880-3,0,0,NA
P82932,0,0,NA
Q9UJS0-2,0,0,NA
Q9Y572,0.008,0,NA
Q13042,0.148,0,NA
Q9H8H0,0.008,0,NA
Q5GLZ8,0,0,NA
Q8N8R7,0,0,NA
Q7L1W4,0.06,0,NA
Q9NZJ7,0.004,0,NA
Q27J81,0.866,1,21
P54652,0,0,NA
Q5BKZ1,0.004,0,NA
Q9NVI1,0,0,NA
Q9H3U1,0.052,0,NA
Q8TEQ6,0.914,1,6
Q04837,0,0,NA
P62854,0,0,NA
Q99570,0.696,1,22
Q86TB9,0.002,0,NA
O95453,0,0,NA
Q5VZE5,0,0,NA
P78406,0.738,1,28
Q15652,0.022,0,NA
Q14149,0.282,0,NA
P08240,0.12,0,NA
Q9UKU7,0,0,NA
Q96JH7,0,0,NA
O15047,0,0,NA
Q8WUH2,0.002,0,NA
Q99613,0.928,1,6
Q14139-2,0.754,1,29
P51116,0,0,NA
Q8TEX9-2,0,0,NA
Q9NW64,0.014,0,NA
Q9P2Y5,0,0,NA
O75362,0.008,0,NA
Q6DD87,0,0,NA
O75391,0,0,NA
Q969M3-3,0,0,NA
O75843,0.364,0,NA
O95373,0.576,1,6
P60228,0.968,1,6
O43432-3,0.538,1,21
Q969N2,0,0,NA
Q13445,0.178,0,NA
Q15154,0.426,0,NA
P57740,0.466,0,NA
Q7Z392,0.018,0,NA
P78344,0.97,1,6
Q86UA1,0.212,0,NA
P46060,0.436,0,NA
O95573,0.998,1,5
Q5VUG0,0.01,0,NA
Q9BPX3,0,0,NA
Q9Y673,0.06,0,NA
Q96Q15,0.004,0,NA
Q9UHY1,0,0,NA
Q16342,0,0,NA
P60842,0.868,1,12
P49327,1,1,22
Q9HD20,0.002,0,NA
Q5T447,0.002,0,NA
Q5TA45,0,0,NA
Q8ND82,0,0,NA
O43156,0.362,0,NA
Q8TCF1,0,0,NA
Q9Y6E2,0.002,0,NA
Q96I51,0,0,NA
O95466-2,0.518,1,6
O15321,0.646,1,5
Q9BXW7,0,0,NA
A6NHR9,0.058,0,NA
Q15005,0,0,NA
Q96T37,0.982,1,28
O43747-2,0.994,1,6
Q8NCE2,0,0,NA
Q7L5N7,0.048,0,NA
P43897,0.07,0,NA
Q6YN16,0,0,NA
Q7Z7L1,0.252,0,NA
O00303,0.052,0,NA
Q92538,0.982,1,22
Q05086,0.43,0,NA
Q99856,0,0,NA
O95340-2,0.07,0,NA
Q05655,0.986,1,6
Q8IWZ3-6,0,0,NA
Q13098-7,0.142,0,NA
Q9BV38,0,0,NA
Q9HCC0,0.666,1,27
O95758-4,0.002,0,NA
Q96JP5,0,0,NA
Q96JM3,0.802,1,28
Q8IX01,0.872,1,28
Q9H4L7-2,0,0,NA
Q99996-6,0,0,NA
P56182,0,0,NA
Q14839-2,0,0,NA
Q9Y3A3,0,0,NA
Q9Y2K7,0.436,0,NA
Q9NZ52,0,0,NA
Q9UPN3,0.04,0,NA
Q9ULX6,0.078,0,NA
P50213,0.068,0,NA
Q06546,0.026,0,NA
O75530-2,0,0,NA
Q9HD45,0,0,NA
Q9BTC8,0,0,NA
Q9NR50,0.618,1,31
P52292,0.83,1,4
P38432,0.59,1,28
Q9UL46,0.992,1,12
P78347,0.906,1,5
Q05209,0,0,NA
Q9BTE1,0.002,0,NA
Q9BTC0,0.602,1,28
Q9HCG8,0,0,NA
Q9UBV2,0,0,NA
Q9UPT8,0.198,0,NA
Q13616,0.988,1,6
Q8NF50,0.98,1,6
Q69YN4,0.002,0,NA
Q96LB3,0,0,NA
Q9UNX4,0.704,1,27
Q9BUP3-3,0.182,0,NA
P42338,0.022,0,NA
O14976,0,0,NA
Q8TED0,0,0,NA
O95352,0.928,1,3
Q9C0E2,0.94,1,6
Q08211,0.374,0,NA
Q7Z2Z2,0.002,0,NA
Q9Y5L0,0.692,1,22
Q9P275-2,0,0,NA
O00541,0,0,NA
O95071,0,0,NA
Q8WYP5-2,0.956,1,28
Q16540,0,0,NA
Q9H0E9,0.022,0,NA
Q9Y5J1,0.016,0,NA
Q12979,0,0,NA
Q9UBB9,0,0,NA
Q9NZM1,0.976,1,2
P15104,0,0,NA
Q06187-2,0.974,1,6
Q96F24,0,0,NA
Q9P015,0,0,NA
P12236,0.144,0,NA
P23284,0,0,NA
Q49A26,0.002,0,NA
Q9H0B6,0,0,NA
Q9UMY1,0,0,NA
Q29RF7,0.954,1,5
Q99714,0.012,0,NA
P68402,0,0,NA
Q9H8M2,0,0,NA
Q9H3S7,0,0,NA
Q9Y2L5,0.38,0,NA
Q9BUK6,0,0,NA
Q9P2I0,0.166,0,NA
Q7Z333-4,0.132,0,NA
Q8N3D4,0,0,NA
Q9H845,0.028,0,NA
O15042,0,0,NA
Q9Y3T9,0.042,0,NA
Q9NXE4-2,0.002,0,NA
Q13724,0,0,NA
A5YKK6,0.944,1,22
Q9H2U1,0,0,NA
O95674,0,0,NA
Q3ZCQ8-2,0.592,1,5
P47897,0.344,0,NA
Q8TD19,0.006,0,NA
Q7Z417,0.818,1,3
Q9UKJ3,0,0,NA
O75694,0.012,0,NA
Q9H270,0.14,0,NA
O00442-2,0.004,0,NA
Q9HAV7,0.196,0,NA
P04150,0.016,0,NA
O15525,0,0,NA
Q13123,0,0,NA
O00566,0.574,1,27
Q8IWR0,0,0,NA
Q5C9Z4,0.08,0,NA
Q9P032,0.024,0,NA
O43815,0,0,NA
O43252,0.002,0,NA
Q92552-2,0,0,NA
P40938,0.008,0,NA
Q9Y613,0.45,0,NA
Q12788,0,0,NA
Q4LE39,0.808,1,5
Q9Y4K3,0.008,0,NA
Q15061,0.432,0,NA
P85037,0.014,0,NA
O43169,0.972,1,26
O00471,0.134,0,NA
Q15542,0,0,NA
O00159-3,0.054,0,NA
Q71DI3,0,0,NA
Q9BZE4,0,0,NA
Q14692,0,0,NA
Q8WYA6,0.004,0,NA
Q16740,0.008,0,NA
O60573,0,0,NA
Q99575,1,1,27
Q9NPQ8,0.008,0,NA
P11387,0.034,0,NA
Q9NVC6,0,0,NA
Q96TA2-2,0.012,0,NA
Q96JB2,0.026,0,NA
Q8TCG1,0.724,1,21
P56134,0.556,1,26
Q6UWP7,0,0,NA
Q05823,0.528,1,22
Q9NXH8,0.18,0,NA
Q15906-2,0.022,0,NA
Q9BXY0,0.836,1,28
Q96KA5,0,0,NA
Q14161,0.002,0,NA
Q9BYC9,0,0,NA
Q7Z5K2-3,0.002,0,NA
O75027-2,0.002,0,NA
Q9H0D6,0.498,0,NA
Q6P996,0.09,0,NA
Q9BZJ0,0,0,NA
Q66LE6,0.13,0,NA
Q16254,0,0,NA
Q6N069,0.108,0,NA
Q8NHJ6-2,0,0,NA
Q99567,0.046,0,NA
Q9H2M9,0.838,1,6
P30260-2,0.002,0,NA
Q96D46,0,0,NA
Q8TDN6,0,0,NA
Q8IWB7,0.972,1,12
Q5VUA4,0,0,NA
Q96GQ7,0.018,0,NA
Q96HC4,0.28,0,NA
O00160,0.958,1,21
Q12913,0,0,NA
P61513,0,0,NA
P05107,0.944,1,27
Q4G176,0,0,NA
P46939,0.578,1,21
P62805,0.006,0,NA
Q9Y4P3,0,0,NA
P51532,0.978,1,28
Q6SJ96,0,0,NA
P62273,0,0,NA
O15523,0,0,NA
O00429,0,0,NA
Q9Y508,0,0,NA
P26599-3,0.008,0,NA
Q8NFH5,0.002,0,NA
Q96EB1-2,0,0,NA
O75170-5,0,0,NA
Q9Y6D0,0,0,NA
Q96T51,0.286,0,NA
O95602,0.088,0,NA
Q9NXA8,0,0,NA
Q9UKW4-4,0,0,NA
Q8N8A2,0,0,NA
O94768,0.002,0,NA
Q15796,0,0,NA
O14617-5,0.592,1,6
O43159,0.154,0,NA
Q86UU1,0.648,1,25
Q9NVV4,0.004,0,NA
Q96E22,0,0,NA
O14523-2,0.05,0,NA
Q8TB03,0,0,NA
Q9Y6G9,0,0,NA
Q9UGP8,0.29,0,NA
O15027-5,0.006,0,NA
Q8NHH9,0,0,NA
Q9BYD1,0,0,NA
Q8NCG7,0,0,NA
Q9Y490,0.896,1,21
Q96G46,0.162,0,NA
O75616,0,0,NA
Q96G23,0.054,0,NA
O60313-2,0.006,0,NA
O60496,0.254,0,NA
P62753,0,0,NA
Q86VR2,0,0,NA
Q8WWV3,0,0,NA
Q15650,0.002,0,NA
Q8TCT9,0,0,NA
Q9BUI4,0.236,0,NA
Q96J02,0.148,0,NA
O75152,0.182,0,NA
O43824,0,0,NA
O14972,0,0,NA
O76031,0.002,0,NA
P82909,0.006,0,NA
Q9Y3A4,0.002,0,NA
Q5T440,0,0,NA
Q8WWQ0,0.418,0,NA
Q9H1A4,0.006,0,NA
Q9HC07,0.444,0,NA
Q8NHQ9,0,0,NA
Q9HAV0,0.692,1,4
Q9H6Y2,0,0,NA
P42331-4,0.002,0,NA
Q03701,0.016,0,NA
Q8TCJ2,0.072,0,NA
Q8NEJ9,0.992,1,32
Q99615,0.04,0,NA
P54886,0,0,NA
P28749,0,0,NA
Q8N4V1-2,0.14,0,NA
P61026,0,0,NA
Q8N0X4,0,0,NA
Q6I9Y2,0,0,NA
P55769,0.054,0,NA
Q8IWX8,0.732,1,25
Q96CB8,0,0,NA
Q96T23,0.008,0,NA
Q13190,0.044,0,NA
Q15904,0,0,NA
Q9BW85,0,0,NA
Q8TF05,0.046,0,NA
P09884,0.04,0,NA
Q6PD62,0,0,NA
Q92600,0,0,NA
P63172,0,0,NA
Q5TC82,0,0,NA
P11182,0,0,NA
Q9UL25,0,0,NA
Q9P2K5,0.356,0,NA
O60763-2,0.002,0,NA
Q9UPN7,0.908,1,21
Q9Y3C1,0.952,1,27
P61803,0.432,0,NA
Q13555-4,0.308,0,NA
P57105,0,0,NA
Q06587,0,0,NA
Q6PJG6,0.76,1,21
O76021,0.008,0,NA
Q6P1J9,0.682,1,27
Q9H3S1,0,0,NA
Q13505,0,0,NA
Q02338,0,0,NA
Q8WWP7,0,0,NA
P0C7P0,0.062,0,NA
P45954,0.982,1,13
O94855-2,0.852,1,6
O00165-2,0.912,1,33
Q9NZ32,0,0,NA
Q9Y4K1,0,0,NA
Q8IV53,0,0,NA
O15270,0,0,NA
Q9BW60,0,0,NA
Q93034,0.116,0,NA
Q9BY50,0.192,0,NA
Q5T653,0,0,NA
P49815,0,0,NA
Q86V48,0.01,0,NA
P14854,0,0,NA
P53992,0.028,0,NA
P29558,0.002,0,NA
Q8NFD5-3,0.004,0,NA
P18621-3,0,0,NA
Q9C0B0,0.944,1,34
O94906,0.082,0,NA
P17812,0.974,1,6
P53621,0.694,1,6
Q9NZL4-3,0,0,NA
Q86YT6,0,0,NA
Q9ULX3,0.002,0,NA
Q92572,0,0,NA
Q9NV70,0.002,0,NA
Q99549-2,0.166,0,NA
Q9BSQ5-2,0.002,0,NA
O60832,0,0,NA
P60903,0,0,NA
Q6IN85,0.018,0,NA
Q8WXI9,0,0,NA
Q86YP4-3,0.456,0,NA
Q14289-2,0.998,1,21
P78536,0.986,1,27
Q6IAN0,0,0,NA
P05114,0,0,NA
Q8WX92,0.292,0,NA
P62244,0,0,NA
Q13488,0,0,NA
P50416,0,0,NA
Q6VEQ5,0,0,NA
Q12933,0.964,1,7
O60563,0,0,NA
Q03252,0.016,0,NA
P49756,0,0,NA
Q96B02-3,0,0,NA
P62495,1,1,12
Q9BXW6,0,0,NA
Q9UIC8-2,0,0,NA
Q9NRA8-3,0.696,1,21
O15269,0.014,0,NA
Q9NVN8,0.03,0,NA
Q9NZ08-2,0.006,0,NA
Q9NVP1,0.502,1,32
Q07021,0,0,NA
Q14974,0.996,1,6
Q15041,0.228,0,NA
P04083,0.886,1,4
Q96IZ7,0,0,NA
P13693,0.012,0,NA
Q99611,0.058,0,NA
Q9UI26-2,0.012,0,NA
Q92619,0.99,1,21
Q8TF42,0,0,NA
Q7L0Y3,0,0,NA
Q9UP83-2,0,0,NA
Q8N1F7,0.636,1,5
Q86YV5,0.036,0,NA
Q6KC79,0,0,NA
Q96TA1,0.006,0,NA
Q6UB35,0,0,NA
Q9NWU1,0.904,1,8
Q9UNI6,0.036,0,NA
C9JLW8,0,0,NA
P62829,0.42,0,NA
P60981,0.018,0,NA
Q8IY67-2,0,0,NA
Q68CP4,0,0,NA
Q8NEZ2,0,0,NA
P10515,0,0,NA
Q8WVM8,0.958,1,5
Q10472,0,0,NA
Q6L8Q7,0.058,0,NA
Q01415,0.012,0,NA
Q8WWN9-2,0,0,NA
Q6UX04,0,0,NA
O75400,0.446,0,NA
Q9UJX4,0,0,NA
Q02040,0.008,0,NA
Q96R06,0.938,1,10
Q9HAU5,0.006,0,NA
P18074,0.212,0,NA
O94874,0,0,NA
Q96GG9,0,0,NA
O76071,0,0,NA
Q8N4T8,0,0,NA
O94766,0,0,NA
Q9UJV9,0,0,NA
Q9Y512,0.044,0,NA
P56192,0.078,0,NA
P07947,0,0,NA
Q8IXI1,0,0,NA
Q15021,0.638,1,29
Q8NE86,0.046,0,NA
Q9UBF8-2,0.002,0,NA
Q9UM13,0,0,NA
P31751,0,0,NA
P51151,0.002,0,NA
Q7LBC6,0.434,0,NA
Q15080,0,0,NA
Q9H4Z3,0.932,1,21
P36969,0,0,NA
O94966-6,0,0,NA
Q9H7N4,0.016,0,NA
Q9P0J1-2,0,0,NA
Q12962,0.002,0,NA
Q5H9R7,0.088,0,NA
P28715,0.034,0,NA
O75955,0.002,0,NA
Q8N7R7,0,0,NA
Q9P2E9,0.96,1,3
Q9HC36,0,0,NA
P35236-3,0,0,NA
O75533,0.004,0,NA
Q15050,0.494,0,NA
O43914,0.588,1,4
A0JNW5,0.018,0,NA
Q6Y7W6,0,0,NA
Q13085-4,0.968,1,29
P30153,0.626,1,22
P20700,0.052,0,NA
Q8NBN7,0.114,0,NA
Q9HCD5,0.994,1,28
Q6RFH5,0.002,0,NA
Q9Y666,0,0,NA
Q7Z6I6,0.984,1,21
P42696,0,0,NA
Q96QK1,0.784,1,12
Q7Z6E9,0,0,NA
Q5JVF3-4,0,0,NA
Q53H12,0,0,NA
P22102,0.07,0,NA
Q16401,0,0,NA
Q16706,0.966,1,26
Q9H0U3,0.004,0,NA
Q9NP79,0,0,NA
Q93009,0,0,NA
O15037,0,0,NA
P67812-3,0.268,0,NA
O15031,0.002,0,NA
P08754,0,0,NA
Q9Y2U8,0,0,NA
Q9GZT3,0,0,NA
O75934,0.832,1,13
Q9UQR0,0,0,NA
P36507,0,0,NA
Q96S66,0,0,NA
Q6P2H3,0,0,NA
Q6DD88,0.862,1,26
Q96BY6,0.448,0,NA
P43378,0,0,NA
Q9UKX7,0.736,1,8
O43237,0,0,NA
Q13901,0,0,NA
Q96BN8,0.956,1,21
Q92888-3,0.968,1,21
P17096,0,0,NA
Q7Z3K3,0.002,0,NA
Q15643,0.028,0,NA
Q9BUQ8,0,0,NA
Q14966,0.462,0,NA
O15446-2,0,0,NA
Q9Y262,0.982,1,6
Q6P3W7,0,0,NA
Q9BXJ9,0.988,1,6
Q9NU22,0.988,1,21
Q86U86,0.134,0,NA
Q9BYM8,0.868,1,4
P49585,0,0,NA
Q8IYS2-2,0.012,0,NA
Q8IZ81,0,0,NA
Q3V6T2,0.464,0,NA
Q12872-2,0,0,NA
Q9BZE2,0.008,0,NA
Q96T76-8,0,0,NA
Q969X0,0,0,NA
Q8IXT5,0,0,NA
O43818,0.002,0,NA
Q9Y320,0,0,NA
O75746,0,0,NA
Q9Y3D9,0,0,NA
Q96RS6,0.978,1,12
Q9NTJ5,0.172,0,NA
Q92947,0,0,NA
O14579,0,0,NA
Q9UKV8,0,0,NA
Q9H0L4,0.01,0,NA
Q9NZD8,0.088,0,NA
Q8NF37,0,0,NA
Q9NQT8,0,0,NA
Q14137,0.004,0,NA
O95782,0.062,0,NA
Q9H773,0,0,NA
P22087,0.132,0,NA
O15260,0.782,1,26
P49902,0.004,0,NA
P55263,0,0,NA
Q9UMY4,0.006,0,NA
Q86UK7,0.082,0,NA
O14929,0.03,0,NA
O60684,0.272,0,NA
Q96T60,0.006,0,NA
O95232,0.32,0,NA
Q6ULP2,0.038,0,NA
Q658P3-2,0,0,NA
Q9NY93,0,0,NA
P30876,0,0,NA
Q96NW4,0,0,NA
Q9H6F5,0.004,0,NA
O95433,0.994,1,12
Q13620,0,0,NA
Q13426,0,0,NA
Q14160-3,0,0,NA
Q9UHB9,0.02,0,NA
O75323,0.164,0,NA
P68400,0,0,NA
P19367-3,0,0,NA
Q9H147,0,0,NA
O75446,0,0,NA
Q6NYC8,0.976,1,3
Q9BQ70,0.89,1,8
Q13144,0.136,0,NA
Q9NZ43,0,0,NA
P61244,0,0,NA
Q13568-2,0.802,1,6
P55199,0,0,NA
Q9Y3A2,0.002,0,NA
Q96I24,0.11,0,NA
Q9Y6C9,0.126,0,NA
Q9Y5S1,0,0,NA
Q13492,0,0,NA
Q9H9L3,0,0,NA
Q96JC1,0,0,NA
Q9Y2Z4,0.606,1,26
Q9BVC4,0,0,NA
Q9BZH6,0.002,0,NA
Q96KM6,0.004,0,NA
P78332,0.594,1,28
P54727,0,0,NA
Q15910-2,0,0,NA
P10644,0,0,NA
Q12905,0,0,NA
Q5T200,0,0,NA
Q2VPK5,0,0,NA
P51398,0.312,0,NA
Q8WUB8,0,0,NA
P49716,0,0,NA
O14735,0.008,0,NA
Q12996,0,0,NA
P51991,0.556,1,35
O94826,0.988,1,28
P61421,0,0,NA
Q9Y263,0.882,1,3
Q9Y3B4,0,0,NA
Q9P2J5,0.626,1,22
P35221-2,0.866,1,36
P23246,0.324,0,NA
Q5JTZ9,0.012,0,NA
Q9P0U4-2,0,0,NA
P33527,0,0,NA
Q96EB6,0,0,NA
Q14562,0,0,NA
Q9Y2X3,0.306,0,NA
P50991,0.896,1,29
Q6ZU80,0,0,NA
Q8N5K1,0,0,NA
Q9Y2S7,0.206,0,NA
Q9UI09,0,0,NA
Q92576,0,0,NA
Q9BTW9-4,0.168,0,NA
Q92905,0,0,NA
Q99933,0.674,1,3
P16152,0.99,1,3
P20073,0.836,1,6
Q9Y5M8,0,0,NA
P53609,0,0,NA
P41223,0,0,NA
Q9NX58,0,0,NA
O43660,0.37,0,NA
Q12830,0,0,NA
Q96AE7-2,0,0,NA
Q9UPT5,0.032,0,NA
O95163,0,0,NA
Q96BK5,0.002,0,NA
O15213,0,0,NA
P14618,0.038,0,NA
Q8NEF9,0.612,1,27
Q8NBM4,0,0,NA
Q9BV19,0,0,NA
Q9BSJ2-4,0.464,0,NA
P22695,0.064,0,NA
Q9BWM7,0.95,1,13
Q9UKG1,0,0,NA
Q99543,0.014,0,NA
Q9Y5X3,0.726,1,31
P01137,0.676,1,37
Q13162,0,0,NA
O75718,0,0,NA
Q6P2Q9,0,0,NA
Q9HC52,0.696,1,24
P46940,0.576,1,6
O95251,0,0,NA
Q9GZS3,0,0,NA
P51608-2,0.014,0,NA
Q5HYJ3,0,0,NA
P27635,0,0,NA
P78316,0.064,0,NA
P46087-4,0,0,NA
O94913,0,0,NA
Q9UNA1,0,0,NA
Q92974,0.034,0,NA
P51531,0.274,0,NA
O75157,0,0,NA
P36542,0.166,0,NA
O75150,0,0,NA
P52306-5,0.518,1,29
Q96EY4,0,0,NA
Q8NCN5,0,0,NA
Q9H9A5-6,0.01,0,NA
Q9Y3E7,0,0,NA
P62308,0,0,NA
Q96IX5,0.996,1,26
Q96AX1,0,0,NA
O95248-4,0,0,NA
Q99747,0.008,0,NA
P51003,0,0,NA
Q5T3I0-3,0.154,0,NA
P28288,0,0,NA
Q9H078-2,0,0,NA
O75844,0.024,0,NA
Q9Y5B0,0,0,NA
Q99816,0.462,0,NA
A3KN83,0.002,0,NA
Q92618,0.028,0,NA
P20674,0.994,1,13
P05165,0,0,NA
Q92547,0,0,NA
O43402,0.02,0,NA
Q8WUX9,0.032,0,NA
Q8IU85,0,0,NA
Q12789,0.544,1,25
Q8NBU5,0.674,1,25
Q96C36,0.874,1,9
P54578,0.012,0,NA
P18859-2,0,0,NA
Q9BU23,0.002,0,NA
P11940,0,0,NA
P49711,0.782,1,13
Q13895,0,0,NA
P98179,0.004,0,NA
Q86UE8-2,0.002,0,NA
Q96QC0,0,0,NA
Q9BRV8-2,0.132,0,NA
Q9H4G4,0.152,0,NA
Q9NYK5,0.002,0,NA
Q9NRR5,0,0,NA
Q9UHQ9,0,0,NA
O75494,0,0,NA
Q96PC5,0.042,0,NA
P61619,0.61,1,12
Q147X3,0,0,NA
Q12931,0.71,1,26
P48643,0.1,0,NA
O43143,0.154,0,NA
Q15836,0,0,NA
Q9BTX1,0.014,0,NA
Q86W50,0.002,0,NA
Q9H0X9,0,0,NA
Q10570,0,0,NA
O75380,0.004,0,NA
Q9C0C2,0.008,0,NA
Q7Z3J2,0.13,0,NA
P36222,0.966,1,10
Q8WUM4,0.91,1,21
B0I1T2,0.444,0,NA
P41252,0.924,1,29
P09110,0,0,NA
P05141,0.914,1,26
O00629,0,0,NA
Q86UL3,0,0,NA
P31930,0.298,0,NA
Q7Z4H3,0,0,NA
Q8IZ69,0.036,0,NA
Q8N766,0,0,NA
P68104,0.002,0,NA
P52209,0.846,1,3
Q96FZ7,0.02,0,NA
P05023,0.11,0,NA
Q8WWM7,0,0,NA
Q15047,0.008,0,NA
Q14155-5,0,0,NA
Q7Z3C6,0.02,0,NA
P30679,0.006,0,NA
Q14145,0.578,1,38
P55884-2,0.368,0,NA
P37268,0.936,1,7
Q15031,0.01,0,NA
Q9NPA8,0.002,0,NA
Q4KMQ2-2,0.184,0,NA
P49748-3,0.024,0,NA
P45877,0,0,NA
P46977,0.634,1,26
O43181,0,0,NA
Q13618,0.012,0,NA
O00232,0.992,1,12
Q8IWI9-4,0.884,1,7
Q8NFQ8,0.428,0,NA
Q15046-2,0.976,1,3
Q14CX7,0,0,NA
Q8TF68,0.006,0,NA
Q8IWV8,0.002,0,NA
P55735,0.326,0,NA
P35658-3,0,0,NA
Q9UFC0,0,0,NA
Q9Y5J7,0.068,0,NA
Q9HBU1,0,0,NA
Q9BXP5,0,0,NA
P49840,0.006,0,NA
P22570-7,0,0,NA
O43592,0.414,0,NA
P56545-2,0.002,0,NA
Q6ICG6-2,0.002,0,NA
O75116,0.004,0,NA
Q96EE3-1,0,0,NA
Q9H9E3,0.006,0,NA
P40227,0,0,NA
Q00059,0,0,NA
Q9BVJ6,0.002,0,NA
Q9NZB2-6,0.024,0,NA
Q9UMZ2,0.012,0,NA
Q96HE7,0,0,NA
O14874,0.138,0,NA
Q14739,0.012,0,NA
O95870,0,0,NA
Q14156,0,0,NA
Q96DI7-2,0,0,NA
Q8IYI6,0,0,NA
Q6PJW8,0,0,NA
Q9UBB5,0.012,0,NA
Q14152,0.002,0,NA
Q8IUR7,0.002,0,NA
O75376,0,0,NA
Q9H7B2,0.998,1,28
P55145,0,0,NA
O43819,0.018,0,NA
P55957-2,0.686,1,3
P52272,0.832,1,13
Q9UNZ2-5,0,0,NA
P52790,0.94,1,10
O95777,0,0,NA
Q5JSP0,0.124,0,NA
P63098,0.032,0,NA
P63244,0.996,1,12
P82094-2,0.208,0,NA
Q96EU6,0.008,0,NA
Q9BW92,0.01,0,NA
Q9NVH1,0.05,0,NA
Q9P2R7,0.006,0,NA
Q9BVG4,0,0,NA
P13010,0,0,NA
Q9H267,0,0,NA
Q9Y2T2,0.006,0,NA
Q15042-3,0.356,0,NA
Q9UBF2,0,0,NA
O94776,0,0,NA
Q13423,0,0,NA
Q16186,0.004,0,NA
Q86XI2,0.01,0,NA
P17987,0.674,1,29
O43837,0.712,1,27
O76094,0.118,0,NA
Q96JN8,0,0,NA
Q6PCB7,0,0,NA
Q92793,0.008,0,NA
Q6UN15,0.934,1,13
Q9UBV8,0.002,0,NA
Q96GA3,0,0,NA
Q9NSY1,0,0,NA
P46776,0.028,0,NA
P27986,0,0,NA
Q9Y217,0,0,NA
P46100,0.004,0,NA
O60645,0.74,1,21
O43847-2,0.956,1,12
Q9H9B4,0.036,0,NA
Q9NXN4,0.014,0,NA
Q9Y314,0.14,0,NA
Q9NRK6,0,0,NA
Q14151,0,0,NA
P51159,0,0,NA
O75643,0.026,0,NA
O60306,0.102,0,NA
Q8N6T3-2,0.046,0,NA
O95168,0,0,NA
Q9BTE3,0,0,NA
Q3B726,0,0,NA
O60749,0.99,1,3
P63173,0,0,NA
Q14318-2,0,0,NA
Q9UNM6,0.086,0,NA
Q6VMQ6-4,0.002,0,NA
Q13263,0,0,NA
Q9NRZ9,0,0,NA
Q12888-2,0.27,0,NA
O14727,0,0,NA
Q9UPN6,0.756,1,36
Q00796,0.002,0,NA
Q9BQ39,0.044,0,NA
Q16563,0.06,0,NA
Q9BZF1,0.114,0,NA
Q7L2H7,0.992,1,12
P46379-3,0.008,0,NA
O60231,0,0,NA
Q9NUJ1,0.044,0,NA
Q06265-2,0,0,NA
Q13769,0.108,0,NA
P19174-2,0,0,NA
Q9UBL3,0.196,0,NA
Q13642-4,0,0,NA
O60934,0.002,0,NA
Q8TDZ2-4,0.004,0,NA
Q9H0E2,0,0,NA
Q96NB3,0,0,NA
Q14690,0.274,0,NA
Q9UI12,0.664,1,6
P78346-2,0,0,NA
Q9BW61,0,0,NA
Q96P70,0.326,0,NA
P40222,0.022,0,NA
Q9BQ67,0.008,0,NA
Q8N0U8-2,0,0,NA
Q02127,0.026,0,NA
Q8N6M0,0,0,NA
Q9Y6M9,0,0,NA
O43395,0.002,0,NA
Q9Y4C2,0,0,NA
Q6ZMG9-2,0.016,0,NA
Q9UJW0,0.422,0,NA
O96017-9,0.182,0,NA
Q4G0N4,0,0,NA
Q96I99,0.026,0,NA
Q9Y316-3,0,0,NA
Q06547,0,0,NA
P46531,0,0,NA
P11234-2,0,0,NA
Q96KR1,0.22,0,NA
O14497,0,0,NA
Q9Y2S0,0,0,NA
P29353-6,0,0,NA
Q8NEZ5,0.224,0,NA
Q5VWQ0,0.212,0,NA
Q9BQE3,0,0,NA
O75534-4,0,0,NA
Q9NXR7,0,0,NA
Q9Y4W6,0.894,1,13
Q9UKD1,0.074,0,NA
Q9NPB8,0,0,NA
O00231-2,0.934,1,12
P61009,0.092,0,NA
Q5JPH6-2,0.016,0,NA
Q9UHD2,0.824,1,22
P48735,0.428,0,NA
Q9UH99,0.696,1,13
Q9UJF2-2,0.026,0,NA
P17858,0.098,0,NA
Q5VVQ6,0,0,NA
Q9HBR0,0,0,NA
Q00325,0.046,0,NA
Q8TB61,0.186,0,NA
Q9Y5B8,0,0,NA
Q9HCS7,0.004,0,NA
Q8NC56,0.01,0,NA
O15254,0,0,NA
Q9Y2R4,0,0,NA
Q9BTZ2,0,0,NA
Q14344,0,0,NA
Q14566,0.574,1,7
P83881,0,0,NA
P24928,0.008,0,NA
P30566,0,0,NA
P62249,0.172,0,NA
P43243,0.26,0,NA
Q14061,0.004,0,NA
Q14186,0,0,NA
Q68E01-2,0.006,0,NA
P48634,0.002,0,NA
P38159,0.928,1,13
O95486,0,0,NA
P62314,0.284,0,NA
Q99590,0.118,0,NA
Q9P289,0.006,0,NA
Q9NUQ8,0.212,0,NA
Q7Z6P3,0,0,NA
Q2TAY7,0.004,0,NA
Q9BYW2,0,0,NA
Q96CW5,0.938,1,8
Q9P0M6,0,0,NA
P41240,0.004,0,NA
P60866-2,0,0,NA
Q8N6H7,0.13,0,NA
Q9Y3L3,0.024,0,NA
Q9H2P0,0.364,0,NA
O75947,0.998,1,13
Q9GZL7,0.162,0,NA
P08579,0.002,0,NA
Q13838-2,0,0,NA
Q05193,0.008,0,NA
Q8NFC6,0.004,0,NA
P46782,0.016,0,NA
Q9NWH9,0.816,1,13
Q9UBB4,0.028,0,NA
P11172,0,0,NA
Q9Y6G5,0,0,NA
P45985-2,0,0,NA
P51148-2,0,0,NA
P18440,0.004,0,NA
Q96JB5-4,0,0,NA
Q9UJZ1,0.966,1,13
P42025,0,0,NA
Q9P2X0-2,0,0,NA
P62873,0,0,NA
Q9HBL7,0.002,0,NA
P49916,0,0,NA
P62266,0.044,0,NA
O43615,0,0,NA
P46108,0,0,NA
Q9P2T1,0.036,0,NA
Q9Y2W1,0.078,0,NA
Q92615,0,0,NA
O95479,0.28,0,NA
Q9HC21,0.044,0,NA
P49795,0,0,NA
Q9NSK0-3,0.138,0,NA
O00483,0,0,NA
Q658Y4,0.004,0,NA
P78371,0,0,NA
Q8WXE0,0.018,0,NA
O95801,0.034,0,NA
O60826,0.012,0,NA
O94927,0,0,NA
Q96A33,0,0,NA
P49915,0.676,1,7
Q13619,0,0,NA
Q7LG56-6,0.37,0,NA
Q14697,0,0,NA
P38919,0.02,0,NA
O00268,0,0,NA
Q9P013,0.002,0,NA
Q05D32,0,0,NA
Q5JTJ3-2,0,0,NA
Q14457,0.002,0,NA
Q16512-2,0.174,0,NA
Q9Y3Y2-3,0.04,0,NA
Q99653,0,0,NA
Q9NPL8,0.006,0,NA
Q9H9Y6-3,0,0,NA
O94915,0,0,NA
Q96QG7,0.066,0,NA
Q8N163,1,1,13
P51665,0,0,NA
P36776,0,0,NA
Q9BYD2,0,0,NA
Q9UNQ2,0.004,0,NA
P16402,0,0,NA
Q96D53,0,0,NA
Q9NPF5,0,0,NA
Q969V3,0,0,NA
Q96PK6,0.222,0,NA
Q9UQR1,0.138,0,NA
Q9NZM3,0.128,0,NA
Q9BY77,0.994,1,13
Q5VTR2,0,0,NA
Q5T8D3,0.036,0,NA
Q9UGV2,0,0,NA
Q567U6,0.12,0,NA
Q7Z478,0,0,NA
P13639,0.456,0,NA
Q9NV06,0.36,0,NA
Q01813,0.132,0,NA
Q9NRY4,0,0,NA
P11498,0,0,NA
Q9BRU9,0.036,0,NA
O14602,0,0,NA
O60942,0,0,NA
Q96ME7,0,0,NA
Q92879,0.028,0,NA
Q13347,0.006,0,NA
P31749,0,0,NA
Q16822,0,0,NA
O76003,0.886,1,12
Q9NVI7-2,0.014,0,NA
P42677,0,0,NA
Q9BTD8,0,0,NA
Q99459,0.86,1,13
Q16763,0.026,0,NA
Q9BRX2,0,0,NA
O95747,0.02,0,NA
Q9HAN9,0,0,NA
Q15233,0.95,1,13
Q4VC31,0,0,NA
P23634,0,0,NA
Q9C0C9,0,0,NA
Q04726,0,0,NA
Q9C005,0.058,0,NA
P27708,0.892,1,29
Q13884,0.282,0,NA
Q15283,0,0,NA
Q9Y520-7,0.982,1,3
O15211,0,0,NA
Q07666,0,0,NA
P15153,0.05,0,NA
Q7L5Y9,0,0,NA
O14656,0.114,0,NA
O94842,0.032,0,NA
O15126,0.032,0,NA
O75439,0.004,0,NA
Q9UKM7,0.036,0,NA
Q96PV6-2,0.526,1,4
Q9Y5P4-3,0,0,NA
P20585,0,0,NA
P26440,0.016,0,NA
Q9Y399,0,0,NA
Q9UNF1,0.848,1,7
Q96I15,0,0,NA
P42898-2,0,0,NA
O96019,0,0,NA
Q9C0J8,0.262,0,NA
Q13155,0.004,0,NA
Q9BTY7,0.23,0,NA
Q15637-5,0.002,0,NA
Q16881,0.03,0,NA
Q96E39,0.006,0,NA
P35251,0.278,0,NA
Q9P0M9,0.988,1,13
Q9P031,0.324,0,NA
Q9NV31,0.002,0,NA
Q8NI36,0.678,1,37
Q8N2K0-2,0.016,0,NA
Q8IXK0-5,0,0,NA
P63220,0,0,NA
O95684,0.116,0,NA
P42166,0.004,0,NA
Q10567-3,0,0,NA
Q8NDB2-4,0.042,0,NA
P54619-3,0.026,0,NA
P26196,0.31,0,NA
Q9H9J2,0,0,NA
Q8N6R0,0.106,0,NA
Q8N0X7,0.068,0,NA
P25787,0.308,0,NA
Q96A49,0,0,NA
Q07020,0,0,NA
O75879,0,0,NA
Q9NZQ3,0,0,NA
Q15036,0.016,0,NA
P49841-2,0,0,NA
Q86Y82,0.788,1,3
P41091,0.006,0,NA
Q9UBS4,0,0,NA
Q53H96,0.002,0,NA
Q96EY8,0.012,0,NA
P82930,0,0,NA
P30626,0.002,0,NA
P68371,0,0,NA
Q3SY69,0,0,NA
Q9HCK8,0.002,0,NA
Q9H993,0.002,0,NA
O14949,0.968,1,13
P26368,0,0,NA
Q14980-2,0.482,0,NA
P50479,0.612,1,36
Q49AR2,0.32,0,NA
Q7Z3D6-2,0.44,0,NA
Q92520,0.168,0,NA
P62072,0,0,NA
Q7Z739,0.186,0,NA
Q9Y223-2,0,0,NA
Q9HB19,0.144,0,NA
Q8IWV7,0.604,1,39
Q06330,0,0,NA
P35269,0,0,NA
P10620,0,0,NA
Q9UMS0,0,0,NA
O75794,0,0,NA
Q96G25-2,0,0,NA
Q12972,0,0,NA
Q13523,0,0,NA
Q7RTV0,0.004,0,NA
Q9P260-2,0,0,NA
Q9UM00,0,0,NA
Q7Z2K6,0.002,0,NA
O75348,0,0,NA
Q9Y3B2,0.002,0,NA
Q9H269,0,0,NA
Q8N9T8,0,0,NA
Q01518,0,0,NA
Q9UGU5,0,0,NA
A6NC98,0.018,0,NA
Q9NR19-2,0.992,1,7
Q9H446,0,0,NA
P84098,0,0,NA
Q9HBH5,0,0,NA
Q9H081,0,0,NA
Q9UQ13,0,0,NA
Q02880-2,0.24,0,NA
Q13485,0,0,NA
Q8IXI2-3,0,0,NA
P08238,0.764,1,39
Q5K4L6,0,0,NA
Q9GZS1-2,0,0,NA
P67809,0,0,NA
Q8ND24,0.03,0,NA
Q8TEH3,0,0,NA
Q06210,0.778,1,3
P42167,0,0,NA
Q8NFF5,0.004,0,NA
P38646,0,0,NA
P50135,0.46,0,NA
P30519,0,0,NA
P51553,0.254,0,NA
P62263,0,0,NA
Q9NYH9,0,0,NA
Q9Y5S9,0,0,NA
Q9Y228,0,0,NA
Q9UNS1,0,0,NA
P13987,0,0,NA
O75489,0.136,0,NA
Q16637,0.004,0,NA
P18754-2,0.924,1,13
Q53GQ0,0.078,0,NA
Q9GZZ9,0,0,NA
P30536,0,0,NA
Q7Z7H8-2,0.272,0,NA
Q96AG4,0,0,NA
Q5VIR6-4,0,0,NA
O00567,0.59,1,28
Q86W42,0,0,NA
Q9BRT6,0,0,NA
P19387,0,0,NA
Q9Y2R0,0,0,NA
Q13330,0,0,NA
Q96EY7,0.016,0,NA
Q9BT78,0.012,0,NA
Q9Y6D9,0,0,NA
Q9UEW8,0.964,1,40
Q9H7E9-2,0,0,NA
P19544-7,0,0,NA
P22681,0.014,0,NA
Q96L92,0.016,0,NA
Q9UKL0,0.026,0,NA
Q92614-2,0.768,1,7
Q96EY1,0,0,NA
Q10713,0.01,0,NA
Q96HQ2,0,0,NA
Q96JJ7,0,0,NA
P98175,0.048,0,NA
Q96A65,0,0,NA
O95613,0,0,NA
O60870,0,0,NA
Q5T5Y3-3,0,0,NA
Q9UBD5-2,0,0,NA
Q9HD15,0.04,0,NA
P40939,0.002,0,NA
Q9Y3S2,0,0,NA
Q68EM7,0,0,NA
Q96CS3,0.996,1,37
Q1KMD3,0.086,0,NA
Q5UCC4,0,0,NA
Q9UL15-2,0,0,NA
Q9Y2S2,0.022,0,NA
P08708,0,0,NA
Q6NUK1,0.142,0,NA
Q9HC35,0,0,NA
O15182,0,0,NA
Q9H871,0,0,NA
Q7Z7K6,0.658,1,8
Q6YHK3,0,0,NA
Q00839,0,0,NA
Q9UKL6,0,0,NA
Q56VL3,0.002,0,NA
P63279,0,0,NA
O60271,0.07,0,NA
Q5T6V5,0,0,NA
Q0VD83-4,0,0,NA
Q13371,0,0,NA
Q00534,0.01,0,NA
Q5JSH3,0.002,0,NA
Q9BQ69,0,0,NA
P18858,0.99,1,7
Q96HD1-2,0.002,0,NA
P49368,0.244,0,NA
O00399,0.076,0,NA
Q14444,0,0,NA
P62899,0,0,NA
Q12906-7,0.186,0,NA
Q5T1M5,0.998,1,3
Q9H7Z6,0,0,NA
Q9UQ35,0.32,0,NA
P08047,0.034,0,NA
Q5JRX3-2,0.522,1,41
P36551,0,0,NA
Q8N1G0,0.778,1,8
Q9Y608-4,0,0,NA
Q7L5N1,0.002,0,NA
P08651,0,0,NA
Q96KP1,0.418,0,NA
Q04721,0.248,0,NA
P09496-2,0,0,NA
Q9UHQ4,0.002,0,NA
Q9H501,0.974,1,37
Q9UKV3,0.514,1,13
Q9NUQ2,0,0,NA
Q93050-3,0,0,NA
Q92560,0,0,NA
Q9BYG3,0,0,NA
P07437,0.174,0,NA
Q15276,0,0,NA
Q9BS26,0.022,0,NA
Q10469,0.064,0,NA
P53007,0.004,0,NA
P56537,0,0,NA
P00966,0.01,0,NA
Q8TAQ2,0.778,1,13
Q5T280,0,0,NA
P30050,0.004,0,NA
P62701,0,0,NA
P62280,0.002,0,NA
Q96RP9,0.892,1,3
P24844,0,0,NA
Q86UY8,0,0,NA
Q9Y2R9,0.002,0,NA
Q13422,0,0,NA
P49848-3,0,0,NA
Q05639,0,0,NA
P55010,0.002,0,NA
P27348,0.822,1,42
P50583,0.008,0,NA
P61221,0.986,1,12
Q13573,0.892,1,13
Q9NV96,0,0,NA
P46459,0.004,0,NA
P26885,0,0,NA
Q8IWZ8,0,0,NA
Q53GS9,0.008,0,NA
Q15417,0,0,NA
Q9H307,0.998,1,13
Q96SI9,0,0,NA
Q9BZX2,0,0,NA
Q99828,0,0,NA
Q15057,0.114,0,NA
Q9UKF6,0.002,0,NA
Q7L1Q6-3,0,0,NA
Q2M2I8,0.914,1,7
O95671,0,0,NA
Q92609-2,0.92,1,7
P12277,0.228,0,NA
Q02750,0,0,NA
Q969Z0,0.002,0,NA
P62269,0.55,1,42
Q15691,0,0,NA
Q92620,0,0,NA
Q9H1Y0,0,0,NA
Q6NZY4,0.032,0,NA
P16383,0,0,NA
P04062,0.002,0,NA
Q13547,0,0,NA
P35659,0.97,1,11
P30048,0,0,NA
Q9HBL8,0,0,NA
Q969G3,0.008,0,NA
Q9NRY5,0,0,NA
Q9Y276,0,0,NA
O14802,0,0,NA
Q13405,0,0,NA
O75190,0.012,0,NA
Q9GZR2,0,0,NA
Q96BR5,0,0,NA
Q9H0G5,0.01,0,NA
O15530,0,0,NA
P42566,0,0,NA
Q96RQ3,0.004,0,NA
Q00535,0,0,NA
Q8WWY3,0,0,NA
O00203,0.98,1,29
Q96P11-2,0,0,NA
O95817,0,0,NA
P51809,0,0,NA
Q9H6D7,0,0,NA
Q9P2W9,0,0,NA
P48556,0.054,0,NA
Q8TCC3-2,0,0,NA
P82914,0.172,0,NA
Q9H257,0,0,NA
Q5JTD0-2,0,0,NA
Q00169,0.992,1,12
P61020,0,0,NA
O60524,0,0,NA
P32322-3,0.598,1,13
Q15126,0,0,NA
Q9UKY7,0.572,1,3
Q6PKG0,0.154,0,NA
Q5HYK3,0,0,NA
Q6PJG2,0,0,NA
Q92667,0,0,NA
Q9NY61,0.018,0,NA
Q8IWJ2,0.464,0,NA
Q9NZZ3,0,0,NA
Q9H3N1,0.012,0,NA
Q96LI5,0,0,NA
Q14232,0.436,0,NA
Q9NS86,0.294,0,NA
Q14165,0,0,NA
Q13151,0.182,0,NA
P07910-2,0.128,0,NA
O43852-3,0,0,NA
Q9UHG3,0.8,1,40
Q15286,0,0,NA
P18031,0.006,0,NA
Q15208,0,0,NA
P49750-4,0.192,0,NA
P52758,0,0,NA
Q15813,0.966,1,29
A0AVT1,0.002,0,NA
Q96H78,0,0,NA
P23258,0,0,NA
Q9H5X1,0.026,0,NA
O75390,0.01,0,NA
Q86WR0,0,0,NA
P35611-3,0.012,0,NA
P55809,0.856,1,11
O75449,0,0,NA
P31943,0,0,NA
Q9Y3F4-2,0.002,0,NA
O14979,0.002,0,NA
Q92643,0,0,NA
Q9NP81,0,0,NA
P06576,0.638,1,41
Q96SB8-2,0.104,0,NA
Q96FJ2,0,0,NA
O75175,0,0,NA
P32969,0,0,NA
Q96A35,0,0,NA
Q9NUQ9,0.002,0,NA
P49407,0.514,1,20
P25705,1,1,41
Q9H488,0,0,NA
Q14203-4,0.002,0,NA
O43290,0.302,0,NA
P49411,0.008,0,NA
O94905,0.26,0,NA
Q96JM7,0,0,NA
Q15833,0.982,1,29
O75179,0,0,NA
Q01469,0.002,0,NA
P15880,0.09,0,NA
Q96TC7,0.914,1,27
Q9HBI0,0.542,1,26
Q9NT62,0.004,0,NA
Q96RL1,0.256,0,NA
Q9UER7,0,0,NA
Q9UKD2,0,0,NA
O15294,0.266,0,NA
Q9UPW5-3,0,0,NA
Q96LR5,0.1,0,NA
Q14103-3,0,0,NA
P48960,0.106,0,NA
P61011,0,0,NA
Q9H814,0.008,0,NA
Q99961,0,0,NA
Q15437,0,0,NA
P18077,0,0,NA
Q9NXH9,0,0,NA
Q9H936,0,0,NA
Q9ULR0-1,0,0,NA
P16435,0,0,NA
P51965,0.572,1,12
P61006,0,0,NA
Q6VN20,0,0,NA
O00291,0,0,NA
P52434,0.882,1,29
Q9P270,0,0,NA
Q01581,0,0,NA
P10109,0.008,0,NA
P63151-2,0.474,0,NA
P82933,0,0,NA
Q9BUJ2,0,0,NA
P39656,0,0,NA
Q99490-2,0.004,0,NA
Q9H4A3-7,0.51,1,7
Q8NBI5-2,0,0,NA
Q8IV48,0,0,NA
Q8TEU7-4,0,0,NA
Q9BUN8,0.01,0,NA
Q02218,0.004,0,NA
E9PAV3,0,0,NA
Q6IA69,0.008,0,NA
Q92922,0.506,1,11
Q9H9A6,0,0,NA
Q9NQ55-3,0,0,NA
Q9UJX2,0,0,NA
Q9NNW7,0.004,0,NA
Q9NXC5,0.056,0,NA
Q8TDH9,0.002,0,NA
Q9UGI8,0,0,NA
Q9BU61,0.056,0,NA
Q14019,0.05,0,NA
Q15029,0,0,NA
Q99704,0,0,NA
Q9UBW8,0,0,NA
Q8N1G4,0.002,0,NA
Q8NFW8,0,0,NA
Q86TI2-2,0,0,NA
Q9NX24,0,0,NA
O15164,0.008,0,NA
P53602,0.002,0,NA
Q9NVZ3,0.002,0,NA
P13984,0.022,0,NA
P17655,0,0,NA
P53384,0.016,0,NA
Q52LJ0-2,0,0,NA
P25398,0,0,NA
Q9BYN8,0.018,0,NA
Q9ULU4-13,0,0,NA
P21796,0.29,0,NA
P04899,0.004,0,NA
Q6PML9,0.022,0,NA
P55084,0.352,0,NA
P09001,0,0,NA
Q7L014,0.006,0,NA
Q6IBS0,0.934,1,42
Q96S59,0,0,NA
Q15257,0.104,0,NA
P61201-2,0.038,0,NA
Q6PD74,0.722,1,12
O43617,0,0,NA
O75569,0,0,NA
P31153,0.178,0,NA
O95571,0.838,1,13
O15382,0,0,NA
P28702-3,0,0,NA
Q8N5N7,0,0,NA
Q92841,0.044,0,NA
Q9Y3A6,0.832,1,26
Q9H2K8,0,0,NA
O60828,0,0,NA
Q6SPF0,0,0,NA
P63000-2,0,0,NA
P41227,0,0,NA
Q99798,0.222,0,NA
Q99832,0.894,1,29
P23610,0,0,NA
Q9H0N5,0,0,NA
Q12965,0.08,0,NA
P05204,0,0,NA
P49770,0,0,NA
Q9H3H1,0.902,1,31
P35813-3,0,0,NA
P48047,0.062,0,NA
O14920,0,0,NA
P82675,0,0,NA
P05771-2,0.51,1,21
Q12874,0.912,1,11
Q5SSJ5,0,0,NA
Q8N108-12,0.004,0,NA
P27824-2,0.004,0,NA
Q9UMX0,0,0,NA
Q96CX2,0,0,NA
O15234,0,0,NA
Q9NVT9,0,0,NA
Q8N684-3,0.002,0,NA
Q9Y6Y8,0,0,NA
Q13217,0.002,0,NA
Q9BVL2,0,0,NA
Q9H4I3,0,0,NA
Q9NTZ6,0,0,NA
Q92878-2,0,0,NA
Q12904-2,0,0,NA
P86790,0.012,0,NA
Q6ZUM4,0,0,NA
Q86UV5-8,0,0,NA
O60841,0.026,0,NA
P78330,0,0,NA
Q96C19,0.806,1,12
Q8IZ07,0,0,NA
P07814,0.978,1,7
Q14684,0.304,0,NA
Q9HCU5,0.022,0,NA
Q9HB40,0,0,NA
P04843,0,0,NA
Q8WVV9,0.54,1,27
Q96P48,0.112,0,NA
Q8TAG9,0,0,NA
O94804,0.002,0,NA
Q9UFW8,0.002,0,NA
Q8NBP0,0,0,NA
O60547,0,0,NA
Q9HAW4,0,0,NA
Q96N21,0,0,NA
Q9UKZ1,0.03,0,NA
Q92696,0.992,1,39
Q9NX62,0,0,NA
Q6W2J9,0,0,NA
Q96M27-2,0,0,NA
P35579,0.326,0,NA
O96011,0,0,NA
O75663,0.936,1,12
P31937,0,0,NA
O00116,0,0,NA
O15357,0.008,0,NA
Q8NBM8,0.248,0,NA
Q4KMP7,0,0,NA
O60884,0,0,NA
P36543,0,0,NA
Q9H9B1,0,0,NA
Q96I25,0,0,NA
Q8IYB7,0.158,0,NA
P41236,0,0,NA
P18124,0.468,0,NA
Q15642-2,0.012,0,NA
Q13416,0,0,NA
Q9BV20,0.154,0,NA
P28482,0,0,NA
Q7KZ85,0,0,NA
Q96A72,0,0,NA
O95249,0.376,0,NA
P10619,0.964,1,42
P22626,0.414,0,NA
O60762,0.002,0,NA
Q9BWJ5,0.146,0,NA
Q8NE71,0,0,NA
Q8NBQ5,0.144,0,NA
P49755,0,0,NA
Q9NP77,0,0,NA
Q9P287,0.048,0,NA
Q01081,0,0,NA
P05198,0,0,NA
P21675-4,0,0,NA
P50914,0.714,1,43
P01116-2,0,0,NA
Q9NPA0,0.002,0,NA
Q9BWS9,0,0,NA
Q96G21,0,0,NA
Q16630-2,0.162,0,NA
Q9NVG8,0.072,0,NA
Q9BZE1,0,0,NA
Q13637,0,0,NA
Q92769,0,0,NA
P48382,0,0,NA
P30043,0,0,NA
Q99848,0,0,NA
P56556,0,0,NA
P09661,0,0,NA
Q92598,0.85,1,39
P15144,0.53,1,3
Q13200,0.844,1,44
P09622,0.93,1,11
P33176,0.012,0,NA
P42768,0.002,0,NA
Q8IXM3,0,0,NA
Q12849,0,0,NA
P23786,0.012,0,NA
Q96J01,0,0,NA
Q16611,0,0,NA
O15228,0.11,0,NA
Q13671,0.28,0,NA
P61289-2,0.974,1,39
Q9UPW6,0.002,0,NA
Q13595,0.052,0,NA
P29350-3,0.19,0,NA
P48444,0.006,0,NA
Q06124-2,0,0,NA
P21283,0.012,0,NA
P50454,0.002,0,NA
P10398,0,0,NA
Q9H974-4,0.002,0,NA
P62995,0,0,NA
P32321-2,0.002,0,NA
Q96NC0,0.392,0,NA
Q96HY6,0,0,NA
Q9HDC9,0.83,1,35
Q9BTY2,0.206,0,NA
Q9Y5T5,0,0,NA
P47985,0.002,0,NA
P38606,0,0,NA
P29083,0,0,NA
Q8NFH3,0,0,NA
Q8TAT6-2,0.906,1,12
O00461,0.588,1,27
Q3KQU3-4,0,0,NA
Q9NR56-5,0.008,0,NA
P43155,0.002,0,NA
Q8TF46,0,0,NA
Q66K74,0,0,NA
Q6UWW8,0.124,0,NA
Q96RU3,0.086,0,NA
P35249,0,0,NA
P0DMV9,0,0,NA
Q8TAF3,0,0,NA
Q96H20,0,0,NA
Q02978,0,0,NA
Q9NZN8,0,0,NA
Q9Y2W2,0.636,1,35
O15155,0,0,NA
Q6ZRV2,0,0,NA
Q6PL24,0,0,NA
Q8IWT6,0,0,NA
Q5R372-3,0,0,NA
Q9HD26,0.016,0,NA
O14964,0.176,0,NA
Q05932,0,0,NA
Q9Y376,0.804,1,44
P62310,0,0,NA
O95202,0.966,1,41
Q02543,0.988,1,12
Q9Y6I9,0.002,0,NA
O60232,0,0,NA
P48059-3,0,0,NA
Q9Y5N5,0,0,NA
Q9BSF4,0,0,NA
P56377,0.026,0,NA
P52597,0,0,NA
Q9UBQ5,0.006,0,NA
Q15424-3,0.01,0,NA
P30622,0,0,NA
P83731,0,0,NA
P31040,0.002,0,NA
Q5MIZ7,0.142,0,NA
Q08945,0.54,1,20
Q8WUH1,0.024,0,NA
Q13952,0.338,0,NA
P61247,0.158,0,NA
Q13148,0,0,NA
P37235,0.136,0,NA
Q9H788,0.004,0,NA
Q9Y4H2,0.296,0,NA
P25440-2,0,0,NA
Q92900,0,0,NA
P21964,0,0,NA
P09132,0,0,NA
P24534,0.324,0,NA
Q9NQT4,0,0,NA
P48449,0.014,0,NA
Q15052,0.846,1,7
Q9H0C8,0,0,NA
P15954,0,0,NA
P28062,0.002,0,NA
Q9NX63,0.988,1,13
Q9HCE5,0,0,NA
Q96DF8,0,0,NA
O43665-3,0.066,0,NA
O14907,0,0,NA
P20810-6,0,0,NA
Q9NUU7,0,0,NA
Q9UKM9,0.942,1,13
P62861,0,0,NA
Q709C8,0.194,0,NA
Q14554,0,0,NA
Q99460,0.75,1,44
P62241,0.008,0,NA
O43674,0,0,NA
Q9NWQ8,0.24,0,NA
Q9H3P7,0,0,NA
Q15363,0,0,NA
P99999,0.008,0,NA
Q9NUY8,0.012,0,NA
Q9Y2Q3,0.624,1,41
Q14676,0.002,0,NA
Q92692,0,0,NA
Q9C0E8-4,0.002,0,NA
Q12846,0,0,NA
Q9GZT4,0.008,0,NA
O95391,0,0,NA
Q8IX12,0,0,NA
Q96QE5,0.166,0,NA
Q9Y570-4,0,0,NA
Q7Z7E8,0.01,0,NA
O94819,0.002,0,NA
Q9UJY5-6,0,0,NA
Q8N543,0.014,0,NA
P50552,0.006,0,NA
Q96IJ6-2,0,0,NA
P53985,0,0,NA
Q9BRD0,0,0,NA
P41229,0,0,NA
Q96SZ5,0.008,0,NA
Q9UMS4,0.008,0,NA
P82970,0,0,NA
Q96S19,0,0,NA
Q9BRK5,0,0,NA
P10768,0.002,0,NA
Q12792,0.01,0,NA
P09234,0,0,NA
P62424,0.57,1,20
P82673,0,0,NA
Q9NVJ2,0.01,0,NA
Q9Y333,0,0,NA
Q96KQ7-2,0.928,1,11
Q9BSD7,0.05,0,NA
O75886,0.148,0,NA
O43716,0,0,NA
P61978-2,0.004,0,NA
P11215-2,0,0,NA
P62851,0,0,NA
O15355,0.008,0,NA
O43676,0.02,0,NA
P41214,0.006,0,NA
O60476,0.024,0,NA
Q03426,0.032,0,NA
P62888,0,0,NA
P36954,0,0,NA
P78356,0,0,NA
Q14498,0.012,0,NA
Q9UBI1,0,0,NA
A6NIH7,0,0,NA
P23396,0.794,1,44
Q9BVK6,0.074,0,NA
Q9H1E3,0,0,NA
Q5VTL8,0,0,NA
Q6UXV4,0.018,0,NA
Q8WXG6-4,0,0,NA
Q9UHR6,0,0,NA
Q9H4A6,0.502,1,29
Q9UJU6-2,0,0,NA
Q9Y6W5,0,0,NA
O60256,0.832,1,9
Q15758,0.082,0,NA
Q4KMQ1,0.024,0,NA
P51572-2,0.562,1,11
Q7Z422,0.072,0,NA
O00267,0,0,NA
P42574,0,0,NA
Q15459,0.97,1,11
P30101,0.002,0,NA
Q8TBC4,0.004,0,NA
Q12800,0,0,NA
P57772,0.046,0,NA
P38117,0.816,1,13
O75940,0,0,NA
Q15393,0,0,NA
O95365,0.454,0,NA
O94761,0,0,NA
O14562,0,0,NA
Q9Y6K9-2,0,0,NA
P37802,0.59,1,18
Q70J99-3,0,0,NA
P43307,0.094,0,NA
Q9NVE7,0,0,NA
O95983,0.98,1,13
Q13177,0,0,NA
P49590,0,0,NA
O95816,0,0,NA
Q9Y277,0.106,0,NA
Q9H1P3,0,0,NA
P48723,0,0,NA
Q4G0J3-3,0.006,0,NA
Q9NW81-4,0,0,NA
Q14694-2,0.054,0,NA
P21281,0.004,0,NA
P08133,0.97,1,42
Q13247,0,0,NA
Q9BVA0,0,0,NA
Q9Y4Z0,0.006,0,NA
Q96BP3,0,0,NA
Q14919-2,0.014,0,NA
Q9BTL3,0,0,NA
O15144,0.7,1,44
Q9H3G5,0.056,0,NA
Q13464,0,0,NA
P42765,0.894,1,11
P50225,0.066,0,NA
Q92785,0.95,1,13
Q8IXB1,0,0,NA
Q9UII2,0.008,0,NA
P22830-2,0,0,NA
P53582,0.532,1,20
Q9BZI7,0,0,NA
P61018-2,0.752,1,19
Q9NYZ3,0,0,NA
P23141-2,0.002,0,NA
Q13283,0.042,0,NA
O00625,0.638,1,3
P62857,0,0,NA
P42285,0,0,NA
Q96DZ1,0.836,1,26
Q9BQ75,0.026,0,NA
Q9H0U4,0.098,0,NA
Q04941,0,0,NA
Q13868,0.216,0,NA
Q9BRR6,0.258,0,NA
Q9NZD2,0,0,NA
P55795,0,0,NA
Q96ST3,0.104,0,NA
Q96CP2,0.01,0,NA
Q9UBW5,0.014,0,NA
Q7Z2W9,0,0,NA
Q13188-2,0.522,1,3
Q9Y3C6,0,0,NA
Q9NRV9,0.08,0,NA
Q8NEY8-9,0.292,0,NA
Q96GD0,0.002,0,NA
P14866,0.832,1,11
P19484,0.148,0,NA
P14625,0,0,NA
Q9Y2Q5-2,0.898,1,44
A0MZ66-3,0.072,0,NA
P82650,0,0,NA
Q96GA7,0.982,1,39
Q86TU7,0,0,NA
Q6FI81,0,0,NA
O15479,0,0,NA
O75964,0,0,NA
Q6P1N0,0,0,NA
Q00341,0.824,1,20
Q06323,0.618,1,12
Q96GC5,0,0,NA
P63208,0,0,NA
P26373,0.002,0,NA
O15305,0.228,0,NA
P29692-2,0,0,NA
P14868,0.83,1,42
Q13045,0,0,NA
O15427,0.006,0,NA
Q8N142,0.054,0,NA
P84090,0,0,NA
O95429,0,0,NA
Q9BUF5,0,0,NA
Q96BR1,0,0,NA
Q16629,0.448,0,NA
Q8IVM0,0,0,NA
P62140,0.922,1,12
Q9UH65,0.342,0,NA
Q9BVI4,0,0,NA
Q9BYV8,0,0,NA
Q96S55,0,0,NA
P46781,0,0,NA
Q9BYC8,0.386,0,NA
P00367,0,0,NA
P14317,0.052,0,NA
Q9Y3U8,0,0,NA
Q9BV68-2,0,0,NA
Q9Y606,0.782,1,42
Q15750,0,0,NA
Q8WXF1,0.724,1,35
Q3ZAQ7,0,0,NA
P10809,0.962,1,11
P61160,0.834,1,20
Q9UBQ0,0.55,1,42
O43242,0.166,0,NA
P56181-2,0.798,1,11
Q9NY12,0.988,1,37
Q8IYB3,0.202,0,NA
Q969M7-2,0.002,0,NA
Q13131-2,0.056,0,NA
Q86TM6,0,0,NA
Q9Y383,0.136,0,NA
Q96B23-2,0.754,1,37
Q7Z5R6,0.972,1,4
P07900-2,0.8,1,17
O43427,0,0,NA
Q9UBM7,0,0,NA
Q16698,0,0,NA
Q86V21,0.09,0,NA
Q12986,0,0,NA
Q92979,0,0,NA
P62487,0,0,NA
Q9H6Z4-2,0,0,NA
P11142,0.272,0,NA
Q9BSC4,0,0,NA
Q14978-2,0.942,1,11
P50238,0.004,0,NA
P22059,0,0,NA
Q9NZ45,0.98,1,13
Q8TDW0,0,0,NA
Q8NB90,0,0,NA
P52735,0,0,NA
Q8N7H5,0.04,0,NA
Q6NW29,0.002,0,NA
Q9P0L0,0.434,0,NA
P30837,0,0,NA
Q92530,0.014,0,NA
Q08378,0.3,0,NA
Q5VUM1,0,0,NA
P35998,0.922,1,39
P82912,0,0,NA
Q7Z7H5,0.946,1,35
Q14088,0.082,0,NA
Q9NP61,0,0,NA
Q9Y394,0,0,NA
Q5T6F2,0,0,NA
P12270,0.974,1,11
P51571,0.004,0,NA
Q9Y2L1,0.048,0,NA
P54709,0.02,0,NA
P51812,0,0,NA
O75935,0.002,0,NA
P27797,0,0,NA
Q9NUB1,0,0,NA
P05455,0.932,1,3
Q9NYB0,0,0,NA
O43639,0.168,0,NA
Q5RKV6,0.012,0,NA
Q9NPE3,0,0,NA
Q5QP82,0,0,NA
Q9NRL3-3,0,0,NA
P08758,0.856,1,3
Q969H8,0.206,0,NA
P50148,0,0,NA
Q96CT7,0,0,NA
Q8NCA5,0.008,0,NA
Q9NSE4,0,0,NA
Q9NTX7,0.028,0,NA
P05091,0,0,NA
P49137,0.018,0,NA
O00330,0.004,0,NA
P05388,0.998,1,44
Q9H6V9-2,0,0,NA
P60604,0,0,NA
Q9BPW8,0.954,1,13
P62318,0.086,0,NA
P61962,0,0,NA
Q01433,0.856,1,7
O43148-2,0,0,NA
P61964,0,0,NA
Q9H6W3,0.002,0,NA
Q86UP2,0.732,1,11
P63218,0.01,0,NA
Q2NL82,0.962,1,39
Q96HY7,0,0,NA
Q96JJ3,0.002,0,NA
Q96C01,0.24,0,NA
P78417,0,0,NA
P23368,0.732,1,33
Q15717-2,0.02,0,NA
P50990,0.038,0,NA
Q8N183,0.006,0,NA
O14776,0,0,NA
Q15527,0,0,NA
Q12824,0.722,1,13
Q96N66,0.002,0,NA
Q92820,0,0,NA
P51784,0,0,NA
Q01844-5,0,0,NA
P06493,0,0,NA
O00422,0.002,0,NA
Q8IV08,0,0,NA
Q9Y616,0,0,NA
Q8WVC0,0.004,0,NA
O43670-4,0.008,0,NA
P33240,0.15,0,NA
O60508,0,0,NA
Q9UDX5,0,0,NA
Q16775-2,0,0,NA
Q96BX8,0.016,0,NA
Q96HS1,0,0,NA
Q96NT0,0.006,0,NA
Q14166,0.11,0,NA
Q96T66,0,0,NA
O94979,0,0,NA
Q12797,0,0,NA
O00299,0,0,NA
Q99986,0.406,0,NA
Q99871-2,0,0,NA
Q96DB5,0,0,NA
P84095,0.396,0,NA
Q5T0F9-2,0,0,NA
P11021,0.986,1,45
O15347,0.032,0,NA
P35268,0,0,NA
Q9BYD6,0,0,NA
P35914,0,0,NA
O75153,0.044,0,NA
Q9Y6J0,0.028,0,NA
Q969U7,0.816,1,39
P62826,0.382,0,NA
Q8N5G0-2,0,0,NA
P62333,0.188,0,NA
Q92890-1,1,1,3
O15372,0,0,NA
P23528,0.742,1,42
Q69YN2,0.004,0,NA
Q9NYL9,0.494,0,NA
Q13057-2,0.014,0,NA
Q9Y5A9,0,0,NA
P00390,0.966,1,3
P08865,0.006,0,NA
Q96G03,0.898,1,42
O15498,0.768,1,44
Q9P0J0-2,0.298,0,NA
P09211,0.98,1,17
Q9Y315,0.052,0,NA
Q969T9,0.004,0,NA
P11310-2,0.646,1,11
P34896,0,0,NA
O00743-3,0,0,NA
P62910,0.094,0,NA
Q6P1L8,0.942,1,36
Q9GZZ1,0,0,NA
Q9UBN7,0,0,NA
Q6YP21,0,0,NA
Q9NQ29,0.266,0,NA
O75427,0,0,NA
O60216,0,0,NA
Q99700,0.118,0,NA
Q9BXX0,0.958,1,3
Q7KZF4,0.328,0,NA
P09497-2,0.042,0,NA
Q92499,0,0,NA
Q9NR12,0.02,0,NA
Q6PK18-2,0,0,NA
P47914,0,0,NA
Q9Y450,0,0,NA
P24752,0.23,0,NA
Q8IVS2,0.016,0,NA
P06748,0.212,0,NA
Q5T8P6-2,0,0,NA
P40926,0.244,0,NA
Q02878,0.002,0,NA
P54105,0,0,NA
Q15311,0,0,NA
P84243,0.088,0,NA
O15143,0.846,1,20
Q8WU79,0.018,0,NA
Q96SB3,0.932,1,42
Q3MHD2-2,0,0,NA
Q96GX9,0,0,NA
P13797,0,0,NA
Q9BQC6,0,0,NA
Q9NY27,0,0,NA
P10155,0.158,0,NA
Q9Y285,0,0,NA
P46779,0.006,0,NA
Q8WW22-2,0,0,NA
Q09666,0,0,NA
Q15013-3,0,0,NA
P10606,0,0,NA
Q8NEB9,0.012,0,NA
Q96C57,0,0,NA
Q9NVA2-2,0.006,0,NA
Q00765,0.004,0,NA
Q6UXN9,0.008,0,NA
Q96FX7,0,0,NA
Q86SX6,0,0,NA
P67870,0.028,0,NA
P47974,0,0,NA
Q9BYD3,0,0,NA
P22670,0,0,NA
Q9BZL1,0,0,NA
O75531,0,0,NA
P62195,0.85,1,20
O75915,0.032,0,NA
O43292,0.93,1,40
Q14653-4,0,0,NA
P36578,0,0,NA
P61224,0.318,0,NA
Q8IXJ6,0.002,0,NA
P61204,0.812,1,12
A1L0T0,0.002,0,NA
Q96CB9,0,0,NA
P11279,0,0,NA
P05386,0,0,NA
P53597,0.736,1,11
Q15287,0.174,0,NA
O75909-4,0,0,NA
P22732,0,0,NA
P12955,0,0,NA
Q16555,0.178,0,NA
O75821,0.978,1,44
P46777,0,0,NA
O75083,0.548,1,20
P63167,0.004,0,NA
Q15427,0.012,0,NA
Q8IWC1,0,0,NA
O75312,0.988,1,20
Q9Y4P8,0,0,NA
Q8IXQ4,0,0,NA
Q9H2U2-2,0.014,0,NA
P53634,0,0,NA
Q13596,0,0,NA
Q07955,0.03,0,NA
Q9NRX1,0,0,NA
O00154,0,0,NA
Q9NZ63,0,0,NA
P62277,0.002,0,NA
Q53T59,0,0,NA
P21266,0.98,1,44
P53801,0,0,NA
O43414,0.726,1,44
Q6PCB5,0.04,0,NA
P30085,0,0,NA
Q8WVM7,0,0,NA
Q9BY44,0.918,1,39
P17568,0,0,NA
P52815,0.078,0,NA
P11177,0.05,0,NA
Q5HYI8,0,0,NA
Q15418-2,0.01,0,NA
P67936,0.448,0,NA
O75396,0.018,0,NA
P51649-2,0,0,NA
Q6PK04,0.852,1,37
P04181,0.502,1,11
Q13685,0,0,NA
Q05048,0,0,NA
Q9NX40,0.996,1,11
P62258,0.994,1,42
Q13043,0,0,NA
Q13740,0,0,NA
Q9Y5B9,0.49,0,NA
Q6VY07,0,0,NA
Q9Y259,0,0,NA
Q86XR7-2,0,0,NA
P39023,0.92,1,20
P00338-3,0.958,1,42
Q92882,0.024,0,NA
Q13404-1,0,0,NA
P61081,0,0,NA
P00403,0,0,NA
P16885,0.052,0,NA
Q9H9H4,0,0,NA
P05387,0.996,1,45
Q15435,0.838,1,42
P31946,0.486,0,NA
Q9Y5J6,0,0,NA
Q9HAR2-4,0,0,NA
P24539,0.276,0,NA
Q96EM0,0,0,NA
Q96K76-4,0,0,NA
P07954,0.942,1,11
O14818,0.996,1,20
Q10471,0,0,NA
P35241,0.02,0,NA
Q9Y6W3,0,0,NA
O00762,0.002,0,NA
P43246,0.876,1,7
P50570,0.888,1,44
Q9H2H8,0,0,NA
Q99442,0,0,NA
Q9BTV4,0,0,NA
P49354,0,0,NA
Q99829,0,0,NA
Q9NR28,0,0,NA
Q9H7Z7,0,0,NA
Q08752,0.646,1,20
P07384,0.722,1,40
Q96FS4,0.898,1,46
Q15382,0.94,1,42
P06865,0,0,NA
P20042,0.35,0,NA
O00429-4,0,0,NA
Q16134,0.002,0,NA
O95400,0,0,NA
P08195-2,0,0,NA
Q96FW1,0.15,0,NA
Q13356,0.014,0,NA
P27816,0.136,0,NA
P17980,0.956,1,20
P22033,0.184,0,NA
P43686,0.008,0,NA
P35244,0,0,NA
P47756-2,0.772,1,20
Q9Y697,0,0,NA
Q01085,0,0,NA
P53999,0.03,0,NA
O95630,0.798,1,16
Q9Y5U2,0,0,NA
P61353,0.16,0,NA
Q13363,0,0,NA
O43865,0,0,NA
P31150,0.562,1,44
P35606,0.498,0,NA
Q9UIQ6,0,0,NA
Q14055,0,0,NA
P10746,0.004,0,NA
P07477,0.004,0,NA
P61956,0,0,NA
Q15185,0,0,NA
P09012,0,0,NA
Q86U42,0,0,NA
P07108-5,0.994,1,44
O00487,0.02,0,NA
Q9Y679,0,0,NA
P13804,0.988,1,11
Q9BZE9-2,0,0,NA
Q9UBU8-2,0.996,1,15
O00754,0.002,0,NA
Q9Y2Q9,0,0,NA
P09525,0.866,1,18
Q0VDG4,0.82,1,42
Q9HB07,0,0,NA
Q86VM9,0,0,NA
O14737,0.378,0,NA
O75167-4,0.392,0,NA
Q7L8J4,0,0,NA
Q16531,0.974,1,44
Q9NXG2,0,0,NA
P50579,0,0,NA
P62834,0.002,0,NA
Q96PZ0,0.088,0,NA
Q9NQ50,0,0,NA
P28065,0.99,1,3
Q53F19,0,0,NA
Q9HCN8,0,0,NA
P11908-2,0.986,1,44
Q13435,0.948,1,11
P25786-2,0.978,1,45
P49593,0,0,NA
O95169,0.002,0,NA
Q9BVJ7,0,0,NA
Q9ULV4-3,0.606,1,20
O14841,0,0,NA
P52298,0,0,NA
O43768-3,0.002,0,NA
P39019,0.946,1,17
P35270,0.028,0,NA
P30533,0,0,NA
P07686,0,0,NA
Q8NBJ5,0,0,NA
P61106,0,0,NA
Q14012,0,0,NA
P46926,0.988,1,42
P60953,0,0,NA
Q9ULH1-2,0.022,0,NA
Q15070,0,0,NA
Q9UK41,0,0,NA
P50749,0,0,NA
P49720,0.494,0,NA
O75431,0,0,NA
P04183,0.818,1,7
P31949,0,0,NA
Q9P258,0.142,0,NA
Q96B45,0,0,NA
Q9Y3B7,0.79,1,11
Q8TCU6,0.98,1,7
Q7L4I2,0,0,NA
Q9Y3X0,0.014,0,NA
Q00013,0,0,NA
P07858,0.006,0,NA
Q53H82,0.34,0,NA
Q8IUW5,0,0,NA
O96000,0,0,NA
P47755,0.06,0,NA
P29084,0.124,0,NA
P46063,0.002,0,NA
Q9BWU0,0,0,NA
P40818,0,0,NA
P40337,0,0,NA
P62847-4,0.98,1,20
O75689,0,0,NA
O95182,0.216,0,NA
Q9Y296,0,0,NA
P61313,0,0,NA
Q9NWZ3,0,0,NA
P19623,0.738,1,39
Q8WY22,0,0,NA
Q9H7H0-3,0,0,NA
Q7Z3B4,0,0,NA
Q9NWB6,0.112,0,NA
Q9UN37,0,0,NA
Q8WVT3,0,0,NA
Q7L5Y1-5,0,0,NA
Q8WVK2,0.058,0,NA
O75436,0.142,0,NA
Q9NX14-2,0,0,NA
P51149,0,0,NA
P15311,0.55,1,14
Q9NWU5,0,0,NA
Q99627,0,0,NA
Q8WUA2,0,0,NA
Q8WXA9-2,0.116,0,NA
Q676U5,0,0,NA
Q9Y4E5,0,0,NA
Q96E11,0,0,NA
Q9NVM9,0,0,NA
Q92804,0.258,0,NA
P07195,0.992,1,42
Q0VDF9,0.7,1,42
Q9Y6B6,0.002,0,NA
P22392-2,0.98,1,44
P62312,0.046,0,NA
P49257,0,0,NA
Q99735,0.002,0,NA
Q9NXS2,0,0,NA
Q9UHR5,0,0,NA
Q9NTK5,0,0,NA
P31260,0,0,NA
P51970,0.124,0,NA
P58546,0,0,NA
Q9BV79,0,0,NA
Q7L7X3,0,0,NA
Q8TBA6,0,0,NA
Q96CW1-2,0.002,0,NA
P17612,0.002,0,NA
Q9Y5K6,0.73,1,45
O60888-2,0,0,NA
O75695,0,0,NA
Q9NW82,0,0,NA
Q8IZ83,0,0,NA
P55008,0.12,0,NA
O95394-4,0,0,NA
P30049,0,0,NA
Q9UIJ7,0.076,0,NA
Q13232,0.008,0,NA
Q9Y371,0,0,NA
P62081,0,0,NA
P51659,0,0,NA
Q8IWS0,0.006,0,NA
Q13907,0,0,NA
Q9HD33,0.002,0,NA
Q9NP72,0,0,NA
P61163,0,0,NA
Q9NQW7-3,0.014,0,NA
Q9BZV1,0,0,NA
P11047,0,0,NA
P49821,0,0,NA
Q8N9N7,0.002,0,NA
Q96SU4-6,0,0,NA
Q14181,0,0,NA
Q9NPD3,0,0,NA
Q9NSD9,0.018,0,NA
O75347,0.012,0,NA
P61158,0.138,0,NA
P14678-3,0,0,NA
Q9UNS2,0,0,NA
Q04446,0.01,0,NA
Q13586,0,0,NA
P28799,0,0,NA
P11216,0,0,NA
P30084,0,0,NA
P62906,0.08,0,NA
Q9UHY7,0,0,NA
Q8WUZ0-2,0,0,NA
Q13469,0.482,0,NA
Q15084-2,0,0,NA
P55786,0.992,1,42
Q641Q2,0.052,0,NA
P07203,0,0,NA
Q68DK7,0,0,NA
Q70UQ0,0,0,NA
O75251,0.904,1,11
Q5VW32,0.592,1,7
Q9Y2S6,0.922,1,42
Q9P035,0,0,NA
P12694,0.056,0,NA
O75822,0.12,0,NA
P00505,0,0,NA
P43405,0,0,NA
Q8NDX1,0,0,NA
P53990-2,0.002,0,NA
P06702,0.062,0,NA
Q9NYG2-2,0,0,NA
Q8TD16-2,0.004,0,NA
O96008,0.04,0,NA
Q6PI48,0,0,NA
P37198,0,0,NA
P09382,0.002,0,NA
P25788,0.002,0,NA
Q4V328,0.86,1,20
P13667,0.28,0,NA
P13861,0.004,0,NA
P17252,0,0,NA
O43776,0.932,1,42
Q9NQS1,0,0,NA
P50613,0,0,NA
Q32P44,0,0,NA
P26641-2,0.574,1,20
O95831,0.198,0,NA
Q15365,0,0,NA
Q15003,0,0,NA
Q9H4A4,0.944,1,17
Q9ULC4,0.728,1,42
Q8NBL1,0,0,NA
Q9BQ61,0.002,0,NA
P28331-2,0,0,NA
P62917,0,0,NA
O75477,0.076,0,NA
P12956,0,0,NA
P50395,0.92,1,44
Q3YEC7,0,0,NA
O43464,0,0,NA
P49721,0.078,0,NA
Q9H6T3,0.86,1,20
P78345,0,0,NA
P62913,0,0,NA
O75787,0.012,0,NA
P46783,0,0,NA
O75131,0.964,1,17
Q15404,0.032,0,NA
O95292,0,0,NA
Q9NRN7,0,0,NA
Q7Z2T5,0,0,NA
Q15022,0,0,NA
P17050,0,0,NA
O95295,0,0,NA
Q9NXR1,0.006,0,NA
Q08426,0,0,NA
Q9H9C1,0.004,0,NA
O95757,0,0,NA
Q9ULA0,0,0,NA
P04406,0.974,1,17
Q86TX2,0,0,NA
Q969X5,0,0,NA
P62158,0.836,1,42
Q86XP3,0.734,1,18
Q6ZMI0,0,0,NA
Q9H2W6,0,0,NA
O14681,0,0,NA
Q9UMX5,0.036,0,NA
Q86UE4,0.002,0,NA
P63104,0.074,0,NA
Q9P003,0,0,NA
P51114,0,0,NA
O95819,0,0,NA
Q8TEM1,0,0,NA
Q9BQ52,0.026,0,NA
P49591,0.998,1,20
Q9Y4L1,0.02,0,NA
P19338,0.75,1,17
E9PRG8,0,0,NA
Q9NX55,0.006,0,NA
P30046,0.006,0,NA
Q9Y3Q3,0.004,0,NA
P16284,0,0,NA
Q5VWZ2,0.072,0,NA
Q9UQ80,0.182,0,NA
P30520,0,0,NA
O95149,0,0,NA
P36957,0,0,NA
P35232,0.158,0,NA
O60701,0.798,1,17
Q7L2J0,0,0,NA
Q96QR8,0,0,NA
Q00613,0,0,NA
Q01658,0,0,NA
O15511,0,0,NA
Q12907,0.062,0,NA
Q9Y3A5,0.458,0,NA
O43314,0,0,NA
O75063,0,0,NA
P61604,0.008,0,NA
Q9UBX3-2,0,0,NA
Q9NRF8,0.002,0,NA
Q96F86,0,0,NA
P62750,0.172,0,NA
P62820,0,0,NA
Q92625,0.002,0,NA
P60891,0.178,0,NA
Q9H0R4,0,0,NA
Q7L576,0,0,NA
Q9NUU6,0,0,NA
O75306,0.004,0,NA
O00151,0.422,0,NA
P08648,0.004,0,NA
P29144,0.766,1,20
Q99719,0.002,0,NA
Q9NR31,0,0,NA
Q15942,0.476,0,NA
Q92611,0,0,NA
Q6UXH1-5,0.006,0,NA
Q92889,0,0,NA
P63241-2,0.86,1,20
Q9NVS9,0,0,NA
Q04206,0,0,NA
O15145,0.002,0,NA
P31323,0,0,NA
Q99547,0,0,NA
Q9Y6A4,0.002,0,NA
Q9Y6M7-7,0,0,NA
P57737-3,0,0,NA
P40306,0.002,0,NA
Q8N6N3,0,0,NA
O00161,0.014,0,NA
Q9NYU2,0,0,NA
P14735,0.002,0,NA
P42766,0,0,NA
Q8N1S5-2,0,0,NA
P08559-4,0.014,0,NA
P55036,0.184,0,NA
Q96CN7,0.002,0,NA
Q9BUE0,0,0,NA
Q8N335,0,0,NA
P62191,0.218,0,NA
P21127,0,0,NA
P35237,0,0,NA
O95861,0.392,0,NA
P53611,0.334,0,NA
P30825,0.014,0,NA
P14550,0.058,0,NA
O15173-2,0.096,0,NA
P16219,0,0,NA
P30044-2,0,0,NA
Q9Y3D8,0,0,NA
Q9UHB4-2,0,0,NA
Q9UKT5,0,0,NA
P49207,0.236,0,NA
P26640,0.01,0,NA
P52907,0.538,1,42
P30419,0.592,1,17
Q9NWV4,0.416,0,NA
Q6GMV3,0,0,NA
P06744,0.996,1,17
Q6UWE0,0.122,0,NA
P61916,0,0,NA
Q96SL4,0.008,0,NA
Q16718,0.438,0,NA
Q96IU4,0,0,NA
P62879,0.006,0,NA
P26639,0.638,1,44
P30042,1,1,11
O43583,0,0,NA
Q15018,0.294,0,NA
Q99598,0.96,1,17
P55039,0.018,0,NA
Q14696,0.072,0,NA
P61758,0.9,1,42
P50750-2,0,0,NA
Q9NQP4,0.892,1,17
P56385,0.664,1,11
Q96FN4,0,0,NA
Q6P4E1-4,0.004,0,NA
Q16774-2,0,0,NA
Q96S52,0,0,NA
Q9Y5P6-2,0,0,NA
Q99614,0.02,0,NA
Q9Y266,0.782,1,42
Q96EP5,0.3,0,NA
Q9BUT1,0,0,NA
P14324,0.002,0,NA
Q8IUR0,0,0,NA
P52566,0.49,0,NA
P52594-4,0,0,NA
P45974,0.64,1,18
P19440,0,0,NA
Q8NFH4,0,0,NA
O43681,0.002,0,NA
Q9Y2G8,0.01,0,NA
P27105,0,0,NA
Q86U44,0.814,1,47
Q99471,0.978,1,18
Q9NQC3-2,0,0,NA
Q9NR45,0.002,0,NA
Q8IVD9,0,0,NA
Q00577,0.332,0,NA
Q9Y580,0.002,0,NA
Q9BZK7,0,0,NA
Q9Y4H4,0,0,NA
O14530,0,0,NA
Q99623,0,0,NA
P14406,0,0,NA
P55072,0.582,1,20
P29401-2,0.94,1,20
Q06830,0.022,0,NA
Q8WU90,0.028,0,NA
O95302-3,0.01,0,NA
O43813,0.036,0,NA
P60983,0.002,0,NA
O15127,0,0,NA
Q86VN1,0,0,NA
Q9BQA1,0,0,NA
P34932,0.864,1,20
Q9Y5X2,0.002,0,NA
Q08623-4,0.962,1,44
Q08209-2,0,0,NA
P14314,0,0,NA
Q7Z7C8-4,0,0,NA
Q9ULV3,0,0,NA
Q8WUW1-2,0,0,NA
Q8WVY7,0.044,0,NA
P00387-3,0.002,0,NA
Q96GX2,0.894,1,44
O43399-7,0.928,1,20
O43719,0,0,NA
Q9Y3D0,0,0,NA
O43765,0,0,NA
Q8NHP6,0,0,NA
Q01518-2,0,0,NA
P62714,0,0,NA
Q9UK59,0.004,0,NA
Q9H299,0,0,NA
P48147,0.458,0,NA
O14950,0.048,0,NA
P20701-2,0,0,NA
O60346,0,0,NA
P60510,0.026,0,NA
P49773,0,0,NA
Q16658,0,0,NA
P42345,0,0,NA
P62136,0,0,NA
P53041,0,0,NA
Q14320,0.09,0,NA
P06730-2,0,0,NA
P00167,0.004,0,NA
P36915,0,0,NA
P40429,0.902,1,20
P08621,0.232,0,NA
Q8TB36,0,0,NA
Q9UBK8,0.006,0,NA
O60613,0,0,NA
Q96SB4-3,0,0,NA
Q9NP97,0,0,NA
O94903,0.002,0,NA
Q9H2J4,0.878,1,44
O14744,0.004,0,NA
Q9H9Q2,0,0,NA
Q5R3I4,0,0,NA
P41250,0.876,1,42
O75832,0,0,NA
P13807,0,0,NA
Q8TDP1,0.008,0,NA
P20936,0,0,NA
Q9NPJ6,0,0,NA
P16333,0,0,NA
Q16543,0.894,1,18
Q05519,0,0,NA
P01111,0,0,NA
P49589-3,0,0,NA
P22314-2,0.852,1,18
Q9NWV8,0.076,0,NA
O75874,0.976,1,17
Q96B26,0,0,NA
Q92733,0,0,NA
Q9H6E4,0,0,NA
O15067,0.966,1,18
O75381,0,0,NA
O14773,0,0,NA
Q14240-2,0.988,1,44
Q9HBM1,0,0,NA
Q9UJ68,0,0,NA
P62306,0,0,NA
P35573,0.768,1,17
Q96Q11,0.49,0,NA
Q14118,0,0,NA
P28074,0,0,NA
P37837,0.93,1,20
Q9Y295,0.034,0,NA
Q96K17,0,0,NA
Q9P265,0.01,0,NA
P60900,0.456,0,NA
Q9UGM6,0,0,NA
Q9H5N1,0.704,1,48
Q03111,0,0,NA
Q9H8Y5,0,0,NA
P61981,0.028,0,NA
Q9BUR5,0,0,NA
P22061-2,0,0,NA
Q8IZP0,0.01,0,NA
Q96EK9,0,0,NA
O75368,0.838,1,44
Q9UHL4,0.01,0,NA
O00193,0.694,1,44
O95298,0.062,0,NA
Q5TAQ9,0,0,NA
P21912,0,0,NA
Q9UNF0,0.164,0,NA
Q16795,0,0,NA
Q16762,0.024,0,NA
Q14997,0.518,1,45
Q86WX3,0,0,NA
Q8NBX0,0.002,0,NA
P28066,0.978,1,45
Q96MX6,0,0,NA
Q9NVM6,0,0,NA
Q13564-4,0.944,1,42
Q9H2G2-2,0,0,NA
P31483,0,0,NA
O60568,0.068,0,NA
Q15291,0,0,NA
Q9NZ01,0,0,NA
O75688,0,0,NA
P36405,0,0,NA
Q6PIU2-2,0,0,NA
Q9NZL9,0.65,1,17
Q15020,0,0,NA
O75351,0.632,1,18
P78318,0,0,NA
P13796,0.54,1,42
P31948-2,0.986,1,17
P11169,0,0,NA
Q9UJX3,0,0,NA
Q7Z7K0,0,0,NA
Q9HCJ6,0,0,NA
Q5JTV8-3,0,0,NA
Q04917,0.004,0,NA
P51452,0.972,1,20
P62316,0,0,NA
Q92734,0.024,0,NA
Q9BY43-2,0.004,0,NA
O95749,0,0,NA
P09488,0.16,0,NA
O14893,0,0,NA
P24666,0.02,0,NA
P16278-3,0,0,NA
Q9BXV9,0,0,NA
O75340,0,0,NA
Q9BY32,0,0,NA
Q5M775,0,0,NA
Q92466,0,0,NA
O43447,0.004,0,NA
Q9BUT9,0,0,NA
P47813,0,0,NA
Q7Z7A4,0,0,NA
Q99729-3,0.974,1,11
Q92747,0,0,NA
O95999,0.004,0,NA
Q9UJ83,0.432,0,NA
P21291,0.976,1,47
Q8NHP8,0.322,0,NA
P04792,0.86,1,14
P14927,0.168,0,NA
Q92508,0,0,NA
Q86X76,0,0,NA
Q9NNW5,0,0,NA
P11171,0.534,1,49
Q8WUY1,0.002,0,NA
P15151,0,0,NA
Q99426,0,0,NA
Q86X55,0,0,NA
Q9BXR0,0,0,NA
P55081,0.252,0,NA
P31939,0.49,0,NA
Q9Y3C8,0,0,NA
P61165,0,0,NA
P11766,0.018,0,NA
Q9BRF8,0.99,1,44
Q9NWS0,0,0,NA
P52788,0,0,NA
Q96BI1,0.016,0,NA
Q9H910-3,0.028,0,NA
Q14914,0.054,0,NA
Q14011,0.002,0,NA
Q9NTX5,0,0,NA
P20645,0.102,0,NA
Q6ZT21,0,0,NA
Q86SF2,0.262,0,NA
O43684,0.696,1,45
Q5EG05,0.002,0,NA
O75676,0.002,0,NA
Q93052,0,0,NA
Q9H0U6,0.006,0,NA
Q9NRX4,0.31,0,NA
Q00688,0.006,0,NA
P68036,0.786,1,44
O75937,0,0,NA
O00214-2,0,0,NA
P46109,0.004,0,NA
P04632,0,0,NA
Q9Y3D6,0,0,NA
P84085,0,0,NA
Q9Y3Q8,0,0,NA
Q13442,0.872,1,17
Q96EL3,0,0,NA
P56381,0.448,0,NA
P12814,0.562,1,17
O75608,0.796,1,17
P25789,0.47,0,NA
P17900,0.002,0,NA
Q9UM54-6,0.442,0,NA
P06703,0,0,NA
Q8WZA0-2,0.002,0,NA
Q8NBF2,0,0,NA
P10599,0.006,0,NA
Q9NPF4,0.02,0,NA
O60220,0,0,NA
P49366,0,0,NA
Q96A57-2,0,0,NA
Q9GZT8,0.002,0,NA
Q15121-2,0.578,1,45
Q99808-2,0,0,NA
Q96MU7,0,0,NA
O95834-3,0.98,1,17
Q5TDH0-3,0,0,NA
Q9Y2I8-2,0.014,0,NA
Q9H5V9,0,0,NA
O95721,0.002,0,NA
P43034,0.312,0,NA
O00273,0.042,0,NA
Q15907,0,0,NA
P07741,0.84,1,42
P52565,0.65,1,18
P18615,0,0,NA
Q16836-2,0,0,NA
Q8NHV4-3,0,0,NA
Q9H3S4,0.048,0,NA
O95218,0.726,1,18
P60174,0,0,NA
Q9H9T3,0.05,0,NA
Q9BTE6-3,0,0,NA
Q9BUH6,0.792,1,18
Q3KQV9,0,0,NA
Q9NQX3-2,0.634,1,17
Q9BXS5-2,0.968,1,44
Q8N2M8,0,0,NA
P28070,0.702,1,45
Q8TCZ2-5,0,0,NA
P61086,0,0,NA
O00559-2,0,0,NA
Q7Z6B0,0.172,0,NA
P08574,0,0,NA
Q13888,0,0,NA
Q9H444,0.04,0,NA
P02765,0.002,0,NA
P56211,0.002,0,NA
P05109,0.942,1,39
Q15149-3,0,0,NA
P20618,0.156,0,NA
Q8NBS9,0,0,NA
O15066,0,0,NA
Q9BRG1,0.008,0,NA
Q99417,0.87,1,14
P23588,0,0,NA
Q9H074,0.804,1,12
O43809,0,0,NA
P23526,0.714,1,42
P11831,0,0,NA
Q9BVM4,0,0,NA
P12081,0.286,0,NA
Q66PJ3-2,0.136,0,NA
Q9UBR2,0.002,0,NA
Q9NTJ4-4,0,0,NA
P78537,0,0,NA
Q7L1T6,0,0,NA
P15408,0,0,NA
Q9BUL8,0.046,0,NA
P62993,0.954,1,20
Q9BW83,0.052,0,NA
P43487,0.92,1,17
Q6P1N9,0.548,1,42
P49643,0.034,0,NA
Q96K49,0.524,1,37
P62979,0,0,NA
P62304,0,0,NA
P35754,0.956,1,18
P0CG12,0,0,NA
P05166-2,0.064,0,NA
P40121,0.964,1,17
O94992,0,0,NA
P24941,0,0,NA
Q8IZ21-2,0,0,NA
P52888,0.75,1,17
Q03154,0.33,0,NA
P00491,0.166,0,NA
Q16644,0.002,0,NA
P36404,0.01,0,NA
P49247,0,0,NA
Q5VU43-2,0,0,NA
P05067,0.336,0,NA
Q9UKK9,0.08,0,NA
P54687,0.012,0,NA
Q6GMV2,0,0,NA
Q9BW71,0.014,0,NA
P06280,0.004,0,NA
Q15843,0,0,NA
Q14691,0,0,NA
O60925,0.008,0,NA
Q9NRG0,0,0,NA
Q92542,0.006,0,NA
Q13094,0,0,NA
Q96GM8,0,0,NA
P05556,0.91,1,18
O00764,0.934,1,18
P29218-3,0.954,1,18
Q99497,0.992,1,17
Q9NRM0,0,0,NA
Q9Y421,0,0,NA
Q99436,0.06,0,NA
Q86VS8,0,0,NA
Q9NY33,0.052,0,NA
P61088,0.004,0,NA
Q9BRX8,0,0,NA
Q96HW7,0,0,NA
P56730,0.108,0,NA
Q86WN1,0.144,0,NA
Q0JRZ9,0,0,NA
O95372,0.888,1,18
Q5BKY9,0.99,1,18
P60033,0,0,NA
P13489,0.07,0,NA
P49768,0,0,NA
P04080,0,0,NA
P15927,0,0,NA
P22234-2,0.042,0,NA
P36871,0.144,0,NA
Q96BW5,0.998,1,17
Q9BVC6,0.036,0,NA
O43760-2,0.002,0,NA
O15541,0,0,NA
Q96AB3-2,0,0,NA
Q9BUL9,0,0,NA
Q8N4C6-7,0,0,NA
P30041,0.964,1,44
Q6P589,0,0,NA
P09104,0,0,NA
Q53HC9,0.006,0,NA
P49903,0,0,NA
P22090,0.016,0,NA
Q6QNY0,0,0,NA
Q96ER9,0,0,NA
Q9BPX5,0.068,0,NA
P61225,0,0,NA
O43396,0.296,0,NA
P20839-6,0,0,NA
O43488,0.01,0,NA
Q15370,0.974,1,42
Q9H3H3-3,0,0,NA
Q09472,0,0,NA
Q9Y2G5,0,0,NA
Q9BZQ6,0,0,NA
Q9ULZ3-2,0,0,NA
Q9H8Y8,0,0,NA
Q9BRT3,0,0,NA
Q9C0B5,0,0,NA
Q10588,0,0,NA
Q9NRF9,0,0,NA
Q04323,0,0,NA
P15735,0,0,NA
P15374,0.102,0,NA
P12268,0,0,NA
P02686,0,0,NA
P61019,0,0,NA
O95825,0,0,NA
Q8NB37,0,0,NA
Q08170,0.944,1,49
Q6PCB8,0,0,NA
Q9H2P9-5,0,0,NA
Q9BRA2,0.018,0,NA
P10253,0.002,0,NA
O15212,0.416,0,NA
P27540,0,0,NA
Q9UBS8,0.616,1,45
P35613,0,0,NA
Q8N8N7,0.582,1,20
P13674-2,0,0,NA
Q9UEU0,0,0,NA
O75223,0.934,1,42
Q8NBJ4,0,0,NA
P30086,0.714,1,45
Q68D91,0.276,0,NA
Q13277,0.398,0,NA
O95685,0,0,NA
P17174,0,0,NA
P61923-4,0.822,1,17
P15586,0.02,0,NA
Q8TCA0,0.056,0,NA
P53365,0,0,NA
Q96AT9,0.076,0,NA
P35625,0,0,NA
Q86VP1,0,0,NA
O94830,0,0,NA
Q9GZN8-2,0,0,NA
Q9NX08,0,0,NA
Q9UI30,0.002,0,NA
Q8N5M9,0,0,NA
P13612,0.992,1,20
P04920,0,0,NA
Q5RI15-2,0,0,NA
P53367,0,0,NA
P42575,0,0,NA
O00418,0,0,NA
P04040,0.002,0,NA
O43516-3,0,0,NA
P62841,0,0,NA
Q8WTS6,0.05,0,NA
P61970,0,0,NA
Q92688,0,0,NA
O60262,0,0,NA
Q969E4,0.002,0,NA
Q15631,0,0,NA
Q9Y3B8,0.244,0,NA
Q8IW45,0.006,0,NA
Q5JTV8,0,0,NA
Q5JU69,0,0,NA
P13798,0.002,0,NA
Q9H3K2,0.882,1,49
P01730,0,0,NA
Q13137-4,0,0,NA
Q9NWU2,0,0,NA
O95219,0,0,NA
O00221,0.002,0,NA
Q9C010-2,0,0,NA
Q96DE0,0.838,1,20
Q13630,0.878,1,17
Q92783,0.002,0,NA
Q6BCY4,0,0,NA
Q5TC84,0.002,0,NA
Q562E7,0.01,0,NA
O15121,0,0,NA
Q8NCF5,0.11,0,NA
P62328,0,0,NA
Q9Y3D2,0,0,NA
P39687,0.97,1,18
Q9H2Z4,0,0,NA
O43566,0,0,NA
O00264,0,0,NA
P16930,0.006,0,NA
O43805,0.926,1,18
Q9Y5X1,0,0,NA
P62633-6,0.004,0,NA
Q9BVC5,0.004,0,NA
Q13867,0.004,0,NA